Data Source,World Development Indicators,,,,,,,,,,,,,,,,,,,,,,,,,,,
,,,,,,,,,,,,,,,,,,,,,,,,,,,,
Last Updated Date,2023/10/26,,,,,,,,,,,,,,,,,,,,,,,,,,,
,,,,,,,,,,,,,,,,,,,,,,,,,,,,
Country Name,Country Code,Indicator Name,Indicator Code,1998,1999,2000,2001,2002,2003,2004,2005,2006,2007,2008,2009,2010,2011,2012,2013,2014,2015,2016,2017,2018,2019,2020,2021,2022
Aruba,ABW,"GDP per capita, PPP (current international $)",NY.GDP.PCAP.PP.CD,28743.50906,28656.0962,30746.65275,32184.2193,31988.30307,32657.89238,35653.53767,36264.43537,37365.05519,39080.46601,40059.85715,35169.78535,34230.32509,35780.24974,34786.59399,36932.18416,36846.84829,37343.91296,37583.84032,38865.1882,41685.36332,42510.06559,35012.39147,42887.37491,
Africa Eastern and Southern,AFE,"GDP per capita, PPP (current international $)",NY.GDP.PCAP.PP.CD,2041.838395,2076.266411,2141.924134,2213.345822,2276.889642,2336.877959,2469.643518,2635.508426,2821.724892,3009.560746,3120.481089,3079.319137,3188.306304,3293.825964,3209.183093,3334.654696,3471.665125,3498.864893,3592.092621,3635.259642,3724.994882,3778.210236,3624.820674,3858.004651,4169.019532
Afghanistan,AFG,"GDP per capita, PPP (current international $)",NY.GDP.PCAP.PP.CD,,,,,943.116265,970.6451147,971.8110235,1075.671373,1120.893128,1287.0644,1336.210339,1575.316779,1771.197985,1749.936995,1958.447627,2062.059176,2110.829568,2128.125938,2023.834656,2096.093111,2110.239384,2168.133765,2078.595086,1673.964059,
Africa Western and Central,AFW,"GDP per capita, PPP (current international $)",NY.GDP.PCAP.PP.CD,1987.333852,1993.681722,2055.820312,2151.288477,2323.79638,2431.74846,2619.8826,2780.208532,2936.19419,3090.500507,3255.169475,3378.281969,3552.148911,3699.549044,3802.060003,3952.023188,4144.259662,4077.321424,4003.756559,4051.271199,4161.782756,4267.050522,4179.632366,4429.952133,4798.434519
Angola,AGO,"GDP per capita, PPP (current international $)",NY.GDP.PCAP.PP.CD,3210.082309,3220.724746,3285.953416,3388.148688,3782.892225,3839.572827,4223.637787,4835.669522,5364.437663,6056.779187,6615.114983,6471.284879,6586.465819,6700.1141,7389.31496,7643.921944,8123.048065,7274.090475,7027.146634,7216.061373,7043.95536,6882.279123,6367.437317,6523.463613,6973.696299
Albania,ALB,"GDP per capita, PPP (current international $)",NY.GDP.PCAP.PP.CD,3021.179604,3471.646616,3861.333006,4300.222735,4661.402695,5000.295651,5427.767129,5865.291354,6565.633374,7284.166538,8228.354576,8813.51676,9628.640112,10207.75946,10526.25011,10570.96604,11259.30368,11658.8949,12078.79933,12770.99186,13498.18461,14407.43765,14064.03861,15532.70606,18551.71648
Andorra,AND,"GDP per capita, PPP (current international $)",NY.GDP.PCAP.PP.CD,,,,,,,,,,,,,,,,,,,,,,,,,
Arab World,ARB,"GDP per capita, PPP (current international $)",NY.GDP.PCAP.PP.CD,9197.186502,9305.097265,9928.153818,10093.20607,10062.97395,10461.54912,11477.45235,12193.16266,12965.70144,13533.27355,14181.80014,13963.38259,14442.51944,14998.34563,15937.90917,15880.31143,15625.49213,14145.34689,13712.36011,14332.35352,14766.67779,14967.11576,14220.79783,15167.26066,16913.65304
United Arab Emirates,ARE,"GDP per capita, PPP (current international $)",NY.GDP.PCAP.PP.CD,89110.14439,87692.02493,94015.70919,92431.19149,91407.18412,96633.02264,103821.8314,104732.0537,103625.976,91608.32222,80959.46072,67508.58601,65411.94004,70619.31585,74853.5751,75877.99796,78859.08912,69705.70486,68853.81977,71182.37072,73270.67158,74826.51842,71458.63852,76948.3275,87729.19126
Argentina,ARG,"GDP per capita, PPP (current international $)",NY.GDP.PCAP.PP.CD,11880.48063,11506.69888,11542.986,11159.32992,9990.720222,10974.32417,12162.33747,13513.67029,14896.73354,16510.44824,17336.93282,16249.73013,18063.91434,19322.22712,19641.35286,20131.68042,19683.77151,20105.19899,20307.87005,23597.11775,23294.09868,23007.83659,20787.85787,23754.36139,26504.59056
Armenia,ARM,"GDP per capita, PPP (current international $)",NY.GDP.PCAP.PP.CD,2217.057854,2347.5021,2572.42082,2915.455786,3382.060324,3958.329986,4518.262746,5339.901702,6274.028207,7380.23154,8097.305007,7045.330725,7331.386504,7881.771735,9267.397006,9822.947441,10114.93984,10132.31898,10966.85333,12509.63961,13549.52242,14924.77693,14105.91125,15661.51135,18941.52681
American Samoa,ASM,"GDP per capita, PPP (current international $)",NY.GDP.PCAP.PP.CD,,,,,,,,,,,,,,,,,,,,,,,,,
Antigua and Barbuda,ATG,"GDP per capita, PPP (current international $)",NY.GDP.PCAP.PP.CD,15426.14172,15949.04344,17037.38088,16375.81339,16588.60751,17741.65867,19057.16949,20684.03186,23727.11921,26274.2614,26377.15575,23015.87444,21175.38331,20939.33127,20208.93929,19437.61697,19748.62538,19674.5633,20790.41917,20777.5595,22603.19287,23880.22127,19839.92559,21958.68871,25336.6426
Australia,AUS,"GDP per capita, PPP (current international $)",NY.GDP.PCAP.PP.CD,24377.41786,25468.21831,26521.0784,27626.05997,29016.67834,30106.2907,31746.53245,33018.16322,34822.97516,36628.96879,37517.85385,40306.64278,39363.61806,42018.11794,42847.29675,45907.75468,46882.18557,46251.40868,47249.43482,48400.24579,50192.95733,51909.0151,53066.49099,55947.05223,62625.35764
Austria,AUT,"GDP per capita, PPP (current international $)",NY.GDP.PCAP.PP.CD,26675.65024,27606.48303,29381.68488,29708.49357,31178.69333,32145.87051,33774.01809,35013.71404,37659.73297,39435.60574,41316.22518,40918.5201,42007.29375,44452.73275,46457.34578,47922.04912,48799.71547,49865.90394,52684.01711,54172.98679,56937.94428,59704.22338,57258.69023,59962.82705,67935.84797
Azerbaijan,AZE,"GDP per capita, PPP (current international $)",NY.GDP.PCAP.PP.CD,2779.615527,3000.925057,3381.66621,3770.852287,4159.940563,4639.794426,5159.859411,6740.424063,9243.497646,11732.84149,12969.20038,13972.59478,14678.77374,14804.57445,15957.71885,17188.94551,17443.87826,14938.40113,14371.02274,14121.40694,14551.20011,15054.54461,14495.65697,15927.21015,17764.44559
Burundi,BDI,"GDP per capita, PPP (current international $)",NY.GDP.PCAP.PP.CD,546.7198398,535.9623371,532.4259199,542.0301902,559.1123373,545.7755393,566.0916315,567.7007004,595.2055657,609.5935955,625.2437396,620.8967338,630.358193,646.1031275,651.9523273,696.4970002,728.8700603,797.0501141,766.5872206,750.7876163,758.2490316,760.6041261,751.2009119,787.9427787,836.187569
Belgium,BEL,"GDP per capita, PPP (current international $)",NY.GDP.PCAP.PP.CD,24369.48672,25440.84119,27789.94355,28793.61105,30282.28865,30934.4414,32063.26079,33177.89095,35256.92838,36795.84715,37883.33194,37749.90919,39838.04051,40942.37271,42290.76205,43671.11959,44929.68559,46200.90445,48597.39998,50442.27054,52530.56208,55804.81892,54569.92539,58840.70227,65027.2949
Benin,BEN,"GDP per capita, PPP (current international $)",NY.GDP.PCAP.PP.CD,1584.965406,1642.173165,1724.54671,1802.324598,1858.766765,1902.502923,1979.292899,2011.396677,2090.284255,2210.79271,2294.869878,2294.602793,2302.687791,2350.356452,2427.432659,2590.925045,2745.858612,2792.609645,2901.264671,2933.837384,3113.254929,3290.307202,3364.973218,3665.194028,4056.108341
Burkina Faso,BFA,"GDP per capita, PPP (current international $)",NY.GDP.PCAP.PP.CD,840.9844308,889.501251,899.5848205,951.314407,977.6685185,1041.898563,1083.249313,1176.357297,1248.873042,1295.467117,1356.372196,1364.895645,1454.578747,1536.808944,1568.066859,1629.317836,1637.928051,1657.916107,1833.433053,1978.155012,2100.530924,2199.552506,2211.01144,2405.306118,2545.863549
Bangladesh,BGD,"GDP per capita, PPP (current international $)",NY.GDP.PCAP.PP.CD,1431.061897,1490.19028,1574.33157,1659.711356,1717.970062,1803.138153,1916.452038,2074.011585,2253.209817,2451.542213,2625.406359,2751.217878,2906.05192,3119.929973,3493.922821,3734.725651,3997.286701,4216.719739,4558.563895,4830.776083,5247.694707,5699.078147,5904.567375,6522.555841,7395.095987
Bulgaria,BGR,"GDP per capita, PPP (current international $)",NY.GDP.PCAP.PP.CD,6177.940847,5807.791822,6422.832771,6960.083304,7786.448422,8417.38546,9201.565675,10291.42387,11406.48595,12820.80999,14346.89554,14181.94966,14956.35731,15747.0796,16327.85847,16647.00987,17616.95407,18391.89681,20074.26479,21469.97089,23016.0668,25170.216,25296.07094,28113.11723,33582.28261
Bahrain,BHR,"GDP per capita, PPP (current international $)",NY.GDP.PCAP.PP.CD,36559.27645,37570.91678,39360.43209,40186.94531,41161.56258,42900.81335,44006.71276,44780.11567,45651.59194,47380.16645,48078.84387,46708.73586,47929.44346,49960.26787,53778.48867,53672.10422,52073.98462,45900.70303,45281.30192,48929.44701,50114.15039,51879.73634,50682.75956,54901.51263,61227.89722
"Bahamas, The",BHS,"GDP per capita, PPP (current international $)",NY.GDP.PCAP.PP.CD,21487.98216,24076.66587,25269.61806,26146.22462,26914.60364,26739.43188,27328.29886,28747.16311,29961.36791,30779.69457,30207.95564,28715.57196,29095.48467,29512.32003,30169.90909,29845.70229,31255.21127,31746.80338,32112.20389,34067.84618,35167.3995,35299.11149,27224.47086,33162.26543,40378.55175
Bosnia and Herzegovina,BIH,"GDP per capita, PPP (current international $)",NY.GDP.PCAP.PP.CD,3270.700345,3601.9815,4127.638087,4290.625762,4653.131647,4911.659964,5405.608803,5959.024831,6878.345574,7696.151728,8595.825651,8698.947153,9089.136145,9758.0219,10109.40069,10788.26808,11148.38783,11826.06601,12869.7684,13582.18475,14801.263,16118.6668,15860.10452,17705.80698,20376.89219
Belarus,BLR,"GDP per capita, PPP (current international $)",NY.GDP.PCAP.PP.CD,5066.942837,5337.01584,5801.75813,6244.747744,6704.592279,7369.845906,8491.894839,9647.121181,11006.45591,12332.50292,13898.99968,14050.57156,15361.83171,16563.20141,18105.28672,18994.19019,19007.99732,18095.70342,17785.9432,18356.06606,19430.90921,20106.06891,20317.23192,21928.68576,22590.59092
Belize,BLZ,"GDP per capita, PPP (current international $)",NY.GDP.PCAP.PP.CD,6328.218972,6756.762852,7559.295954,7867.537015,8139.930023,8799.769018,9171.967862,9383.184771,9823.536989,10123.34398,9878.206974,9628.795107,9623.86868,9592.130831,9113.474853,9314.225009,9246.723753,9317.196836,9161.625047,8873.754025,9010.060596,9411.462848,8134.598272,9668.766289,11450.9169
Bermuda,BMU,"GDP per capita, PPP (current international $)",NY.GDP.PCAP.PP.CD,46678.6018,48664.53995,53921.77368,58484.1524,58138.39981,60908.03971,63578.19228,66239.46679,71656.72358,75627.24753,75193.34639,71022.30785,70627.82219,69998.84342,67453.82052,68993.22749,68775.44674,71873.22806,76362.05141,81834.95587,83380.8749,85145.94364,80381.44549,86699.25199,95837.03242
Bolivia,BOL,"GDP per capita, PPP (current international $)",NY.GDP.PCAP.PP.CD,3267.226137,3267.432226,3364.024366,3436.37487,3514.591376,3617.40341,3802.810904,4025.109046,4273.038123,4509.210554,4794.6037,4902.610577,5079.382721,5363.987903,5814.070135,6500.876807,6920.778861,6992.127581,7345.826841,8244.933446,8669.827849,8890.462954,8110.114756,8885.241334,9683.617497
Brazil,BRA,"GDP per capita, PPP (current international $)",NY.GDP.PCAP.PP.CD,8503.697887,8541.710725,8994.743062,9202.876484,9510.823883,9693.555482,10407.83935,10954.86026,11614.49854,12522.51594,13281.07439,13222.74888,14254.51977,14989.15778,14994.34347,15535.72377,15664.80174,14692.63231,14208.16111,14477.86177,14971.05467,15307.94124,14900.10422,16260.09875,17821.73726
Barbados,BRB,"GDP per capita, PPP (current international $)",NY.GDP.PCAP.PP.CD,12027.96711,12213.82783,13022.00962,12965.14681,13217.20134,13717.52169,14231.07062,15202.8526,16571.63266,17307.87206,17675.1852,16824.55708,16568.36896,16749.03935,15726.2358,15747.13709,15575.95073,15947.42152,16370.74562,16198.96216,16388.59954,16631.46439,14579.09038,15177.84971,17837.45322
Brunei Darussalam,BRN,"GDP per capita, PPP (current international $)",NY.GDP.PCAP.PP.CD,62830.2713,64276.50059,66212.60982,68169.50228,70522.90358,72627.3339,73618.9315,74921.41361,79312.33331,80302.21993,79040.28831,76993.47462,78784.82722,82300.65605,86588.60952,82305.27625,80027.9853,61572.6217,55477.4694,60173.05113,61084.25804,64029.443,65054.19432,66347.65814,69274.98414
Bhutan,BTN,"GDP per capita, PPP (current international $)",NY.GDP.PCAP.PP.CD,2468.427024,2637.516976,2710.776229,2923.476871,3211.222078,3444.105914,3660.445001,3968.933542,4313.171394,5178.813183,5466.317807,5805.761962,6504.347934,7090.948277,7697.506415,7785.214064,8462.798599,9303.945982,10275.16059,10986.88814,11503.84721,12297.62073,11137.831,12036.36408,
Botswana,BWA,"GDP per capita, PPP (current international $)",NY.GDP.PCAP.PP.CD,8023.186325,8733.650018,8922.18535,8964.661185,9478.370607,9936.89142,10298.09379,10907.14135,11957.32781,12739.03914,13136.16904,11119.57606,12139.49853,12976.26068,12069.46877,12833.27836,14338.57408,13420.5066,15277.04232,14656.77299,15321.7802,15759.16223,14303.93611,16449.34623,18323.0457
Central African Republic,CAF,"GDP per capita, PPP (current international $)",NY.GDP.PCAP.PP.CD,658.4702554,672.8071176,652.3937607,681.3600112,701.3401453,660.417846,703.377201,715.7262427,757.6183289,798.8360794,813.8320694,870.4223047,902.7815842,945.5931285,1024.247563,683.9656325,670.1038234,733.7495807,787.4711684,839.6000095,875.1937178,898.3153199,895.2514772,924.1514243,967.2683238
Canada,CAN,"GDP per capita, PPP (current international $)",NY.GDP.PCAP.PP.CD,26319.67416,27841.35335,29362.08416,30230.80297,30963.053,32349.94366,33925.70673,36327.22865,38119.4132,39575.30975,40376.30688,38865.41346,40099.44824,41666.70763,42290.96541,44298.57873,45753.75055,44670.08054,46472.34025,48317.17458,49992.76228,49832.40538,47226.36514,53023.42056,58399.54548
Central Europe and the Baltics,CEB,"GDP per capita, PPP (current international $)",NY.GDP.PCAP.PP.CD,9097.382662,9396.468918,10016.49843,10800.39853,11630.61621,12340.95283,13483.57484,14312.60484,15919.49383,17761.80525,19673.54394,19701.19962,20823.37258,22309.098,23107.00157,23859.90579,24926.9054,26134.61122,27753.50007,29830.04786,32011.75576,34957.24874,34847.14048,37716.76375,42799.33029
Switzerland,CHE,"GDP per capita, PPP (current international $)",NY.GDP.PCAP.PP.CD,33858.67211,34742.63186,36697.62804,37819.01436,38704.95846,38737.12724,40175.64457,41524.84887,46272.85795,50924.37295,53808.78411,52973.46324,54438.9787,57493.58106,59440.91586,61656.46617,63417.04372,65265.04573,67350.75187,68193.50549,70688.81875,72668.74711,70810.82069,75979.76622,83598.45336
Channel Islands,CHI,"GDP per capita, PPP (current international $)",NY.GDP.PCAP.PP.CD,,,,,,,,,,,,,,,,,,,,,,,,,
Chile,CHL,"GDP per capita, PPP (current international $)",NY.GDP.PCAP.PP.CD,8927.836315,8921.984384,9468.318799,9876.226278,10239.38515,10820.67088,11735.17679,12685.02796,15676.58343,16875.71456,16550.44891,16118.37675,18104.7246,20330.5246,21584.68127,22425.58942,22779.42767,22691.48662,23492.28786,24546.91242,25564.53672,25600.1927,24941.23509,28337.07321,30208.80553
China,CHN,"GDP per capita, PPP (current international $)",NY.GDP.PCAP.PP.CD,2448.482291,2650.178686,2917.24253,3208.229957,3532.081651,3938.730274,4427.131003,5056.404724,5842.778636,6818.923409,7581.453513,8305.760185,9254.779603,10292.94048,11168.6973,11872.49738,12480.33853,12897.50229,13483.37727,14243.53261,15497.82574,16655.39936,17209.44295,19484.30809,21475.61053
Cote d'Ivoire,CIV,"GDP per capita, PPP (current international $)",NY.GDP.PCAP.PP.CD,3242.547529,3227.520171,3202.951742,3121.727848,3007.357263,2852.020434,2952.041262,3005.998332,3116.371153,3166.671537,3310.47535,3379.412564,3577.706982,3384.930979,3483.689789,3801.616471,4254.230896,4579.85146,4693.675045,4836.048367,5060.59743,5350.010141,5377.394446,5866.495758,6538.29642
Cameroon,CMR,"GDP per capita, PPP (current international $)",NY.GDP.PCAP.PP.CD,1951.600648,2014.298885,2083.234248,2164.670413,2236.100696,2339.840649,2502.379084,2567.223587,2673.563213,2786.085597,2838.695078,2848.329956,2882.7507,2957.163456,3022.358011,3194.162032,3369.32489,3437.789826,3559.13512,3691.094724,3822.232765,3915.827499,3870.829433,4083.307713,4408.046274
"Congo, Dem. Rep.",COD,"GDP per capita, PPP (current international $)",NY.GDP.PCAP.PP.CD,495.9580972,467.8942276,432.6993394,420.2721766,426.1746285,445.5148537,473.9589299,502.8971999,528.8716998,558.9001538,586.0287494,587.5528153,616.5323991,650.4366032,650.9215896,731.9328213,824.4124376,877.6808352,932.4051652,1023.539833,1073.446906,1104.843368,1102.553518,1184.720486,1337.391115
"Congo, Rep.",COG,"GDP per capita, PPP (current international $)",NY.GDP.PCAP.PP.CD,3620.050855,3482.032021,3687.232246,3769.265332,3910.797434,3910.654111,4016.429446,4305.869938,4616.63511,4267.756861,4473.227068,4827.907091,5152.51779,5204.000834,6062.822776,5810.922383,5681.772202,4448.916586,3687.580949,4073.926085,3877.439563,3851.773555,3574.241387,3569.01749,3790.711307
Colombia,COL,"GDP per capita, PPP (current international $)",NY.GDP.PCAP.PP.CD,6825.870768,6520.964545,6753.464794,6911.727494,7085.62081,7398.183502,7888.450084,8412.996829,9135.678975,9891.37577,10291.19999,10357.33409,10830.19512,11694.72661,12095.6485,12798.66319,13390.03195,13378.67515,13971.33959,14334.91461,15161.31797,15872.30898,15103.07382,17105.00247,20287.40026
Comoros,COM,"GDP per capita, PPP (current international $)",NY.GDP.PCAP.PP.CD,1614.172886,1635.195121,1818.022052,1864.204665,1898.09721,1937.861957,1989.610063,2069.178634,2146.123234,2177.670839,2261.348023,2301.971286,2367.778629,2464.354227,2655.734875,2795.243466,2887.065504,2884.774852,3053.302585,3240.17917,3374.041663,3430.21084,3402.871222,3562.544479,3832.468985
Cabo Verde,CPV,"GDP per capita, PPP (current international $)",NY.GDP.PCAP.PP.CD,2440.482101,2694.994132,3090.472389,3177.186894,3343.940511,3501.599578,3909.361813,4256.044522,4680.124627,5471.650916,5903.59523,5791.926305,5905.339326,6189.695734,6048.414068,6019.803303,5989.40483,6242.705232,6689.804951,7130.854152,7490.141372,8123.835201,6577.306014,7274.940576,9082.837643
Costa Rica,CRI,"GDP per capita, PPP (current international $)",NY.GDP.PCAP.PP.CD,7231.77471,7486.053004,7796.430885,8099.7124,8363.810725,8756.921955,9248.126628,9772.464327,10658.27763,11680.5728,12297.21336,12103.38185,12740.34097,13410.35454,14174.6021,14851.13544,15905.14794,16925.17941,18898.07522,20168.22048,21144.40977,22608.23216,21693.67282,22643.49501,24922.65927
Caribbean small states,CSS,"GDP per capita, PPP (current international $)",NY.GDP.PCAP.PP.CD,8521.6165,8978.956019,9455.624765,9819.114217,10286.84781,11090.7777,11801.38069,12530.80715,13774.56604,14569.71254,14982.20834,14480.71893,14784.34923,15173.55175,15447.92134,15686.543,15930.4936,15697.9834,15481.23262,16158.69294,16625.11211,16976.97237,15855.53218,17408.29844,21055.17319
Cuba,CUB,"GDP per capita, PPP (current international $)",NY.GDP.PCAP.PP.CD,,,,,,,,,,,,,,,,,,,,,,,,,
Curacao,CUW,"GDP per capita, PPP (current international $)",NY.GDP.PCAP.PP.CD,,,21888.34706,23054.70396,23478.24186,23520.55159,23788.37033,24078.37594,24587.77493,25369.98553,26091.9481,25950.14223,25953.0971,26278.56532,25284.57674,25034.4605,24495.6341,24221.15367,23953.9408,24599.93783,24775.24161,24662.65038,20705.71691,22933.26652,
Cayman Islands,CYM,"GDP per capita, PPP (current international $)",NY.GDP.PCAP.PP.CD,,,,,,,,,75269.10131,77386.81741,76320.16807,69274.57296,66346.62857,66766.04322,65118.44489,64286.00636,64432.35016,65087.71765,66970.31308,69534.77175,72754.00843,75504.44785,71313.3386,76580.73565,
Cyprus,CYP,"GDP per capita, PPP (current international $)",NY.GDP.PCAP.PP.CD,18759.56445,19662.64063,21291.41406,22865.50781,23556.4082,24280.8457,25945.03711,27763.1543,30011.11914,32885.28906,34830.27344,33886.73828,33511.29688,33406.17578,31923.9375,30451.69531,30171.14258,31922.34961,35878.41406,38415.10938,40676.57031,44039.01172,41425.92578,44405.00781,49930.86719
Czechia,CZE,"GDP per capita, PPP (current international $)",NY.GDP.PCAP.PP.CD,14978.07009,15396.31178,16238.61224,17624.43722,18252.57277,19539.05728,20932.1974,22095.38785,23922.15715,26285.70112,27974.48713,27761.79617,27880.54257,29001.36804,29254.73127,30818.10816,32502.47535,33899.28657,36097.70526,38824.88792,41143.82705,44212.7465,42827.06001,45630.03781,49945.5001
Germany,DEU,"GDP per capita, PPP (current international $)",NY.GDP.PCAP.PP.CD,25345.66624,26291.21108,27204.29337,28373.97419,29178.63747,29909.67518,31334.01534,31794.09601,34158.12837,36292.07671,37802.38743,36816.20718,38950.71088,42541.53109,43359.61483,44993.89275,47011.55109,47609.781,50579.68393,53071.45557,55195.84054,57397.52388,56482.47563,58798.93735,63149.59869
Djibouti,DJI,"GDP per capita, PPP (current international $)",NY.GDP.PCAP.PP.CD,,,,,,,,,,,,,,,,3730.366512,3897.114312,4144.97437,4263.133406,4451.683846,4699.70967,4970.334219,5020.17079,5420.927765,5893.184863
Dominica,DMA,"GDP per capita, PPP (current international $)",NY.GDP.PCAP.PP.CD,6174.20447,6305.334346,6633.073409,6797.378005,6697.380133,7244.348252,7650.995342,7931.104883,8548.310247,9332.598888,10187.88092,10132.52381,10328.07422,10521.08315,10245.14276,10470.26327,11179.86614,11327.08141,12159.62077,11511.60642,12134.16569,12921.12466,10830.22422,12027.04848,13572.97298
Denmark,DNK,"GDP per capita, PPP (current international $)",NY.GDP.PCAP.PP.CD,25814.65817,26653.8239,28663.65188,29442.96229,30640.34562,30821.94318,32938.88288,34150.15946,37331.98008,39011.13939,41278.32683,40331.82423,43000.85664,44403.38484,44803.96824,46726.85414,47901.44736,49045.33919,51976.00571,55356.68078,57482.9624,59910.66484,60832.15829,64883.90203,74005.47852
Dominican Republic,DOM,"GDP per capita, PPP (current international $)",NY.GDP.PCAP.PP.CD,6006.414554,6353.716895,6697.521257,6913.0444,7231.224986,7172.966415,7451.835235,8298.495129,9219.267067,10042.90912,10430.09301,10458.85359,11317.47253,11760.64189,11781.88687,12348.42534,13321.76707,14564.94695,15911.15439,16524.53384,17904.45029,18941.71678,17707.68789,20553.09951,22833.52575
Algeria,DZA,"GDP per capita, PPP (current international $)",NY.GDP.PCAP.PP.CD,7878.206579,8130.387872,8510.359279,8840.674165,9354.221725,10088.08677,10653.34303,11478.02805,11861.16606,12392.50592,12714.16166,12768.99372,13141.12026,13543.59872,13347.3628,13104.7371,13058.12457,12071.81418,11685.45142,11809.48303,12007.77471,12120.40637,11452.22662,12170.19378,13209.59677
East Asia & Pacific (excluding high income),EAP,"GDP per capita, PPP (current international $)",NY.GDP.PCAP.PP.CD,2869.060991,3045.344136,3308.872979,3568.776586,3866.292927,4240.62886,4694.214666,5253.401499,5930.359739,6752.536393,7390.491428,7929.223581,8728.857344,9572.889282,10366.3338,10950.74502,11456.29103,11777.42058,12296.44304,12968.86432,14039.44911,15019.69759,15267.89613,17010.30239,18818.8093
Early-demographic dividend,EAR,"GDP per capita, PPP (current international $)",NY.GDP.PCAP.PP.CD,3873.403877,3950.89777,4151.286835,4249.368584,4327.054879,4573.81854,4926.899799,5301.368092,5737.161615,6159.359745,6443.734109,6534.518342,6940.945288,7353.793477,7713.896305,7938.821856,8162.919662,8267.28101,8570.73054,8997.455921,9442.476558,9721.855101,9332.719395,10243.16136,11550.16755
East Asia & Pacific,EAS,"GDP per capita, PPP (current international $)",NY.GDP.PCAP.PP.CD,5134.863527,5369.19498,5773.202834,6076.936267,6448.893938,6872.110999,7455.676023,8112.020307,8904.880587,9838.914899,10461.25735,10841.56502,11770.23022,12659.9572,13489.61772,14181.41916,14693.69834,15108.80698,15609.22939,16329.79643,17430.90302,18370.32091,18579.48137,20396.24635,22397.12248
Europe & Central Asia (excluding high income),ECA,"GDP per capita, PPP (current international $)",NY.GDP.PCAP.PP.CD,5342.511782,5523.631354,6197.567685,6544.559134,7007.934556,7754.202927,8659.248222,9750.292259,11651.71248,12960.03186,14813.40544,14286.53377,15300.37618,16896.58382,17910.41582,19307.88841,19646.8421,19181.66406,19572.34484,20766.25608,22200.48451,22963.73992,22820.83027,25408.71033,28289.46509
Europe & Central Asia,ECS,"GDP per capita, PPP (current international $)",NY.GDP.PCAP.PP.CD,14237.99412,14789.62927,15930.96443,16733.62747,17531.63587,18208.90205,19332.2423,20362.19111,22542.03931,24156.89846,25806.04329,25080.85311,26149.32466,27710.97589,28474.67094,29748.92767,30468.29849,30891.98571,32303.34478,33997.31989,35703.89893,37559.39544,36417.34095,39470.06649,43894.58093
Ecuador,ECU,"GDP per capita, PPP (current international $)",NY.GDP.PCAP.PP.CD,6070.300144,5763.768975,5857.496022,6123.75719,6362.496502,6549.196227,7151.696928,7633.4708,8075.332999,8330.833977,8877.780987,8835.386646,9104.364063,9861.503581,10304.889,11142.67836,11708.653,11071.29472,11068.85685,11679.43023,11887.49225,11873.28931,10937.10677,11772.52896,12822.11378
"Egypt, Arab Rep.",EGY,"GDP per capita, PPP (current international $)",NY.GDP.PCAP.PP.CD,4974.88294,5238.501654,5581.587598,5788.831763,5895.005333,6075.145136,6362.904448,6721.253083,7260.118037,7830.489351,8385.944896,8663.002472,9033.344405,9178.853589,10506.9681,10623.73789,10306.91589,10890.24179,10593.7478,10995.00567,11636.49884,12280.60639,12661.1812,13440.61941,15090.99088
Euro area,EMU,"GDP per capita, PPP (current international $)",NY.GDP.PCAP.PP.CD,22959.9946,23838.4226,25319.57668,26499.71603,27533.55613,27984.20528,29078.07449,30076.64677,32531.8922,34422.90425,35713.45273,34791.96006,35771.72434,37424.96518,37798.67021,38986.45899,39951.17356,41039.41254,43534.51092,45614.44312,47533.8001,50332.90185,48255.56951,51356.78308,56494.23591
Eritrea,ERI,"GDP per capita, PPP (current international $)",NY.GDP.PCAP.PP.CD,1499.976262,1499.547568,1462.741022,1581.029662,1598.41844,1523.315025,1523.883998,1573.082096,1578.938333,1618.849107,1449.063525,1476.515248,1496.076779,1628.750509,,,,,,,,,,,
Spain,ESP,"GDP per capita, PPP (current international $)",NY.GDP.PCAP.PP.CD,19097.06341,19954.29022,21588.42375,22953.57157,24371.59885,25047.39727,26143.76871,27606.93405,30718.21884,32473.65389,33263.2724,32092.72206,31681.10055,31867.97324,31720.27382,32444.46119,33540.35717,34919.38725,37305.62915,39550.18908,40716.68076,43108.7687,37988.02953,40662.00988,45825.19563
Estonia,EST,"GDP per capita, PPP (current international $)",NY.GDP.PCAP.PP.CD,8450.771682,8412.066776,9423.120101,10316.24992,11663.2715,13133.22958,14536.43575,16634.89274,19344.05183,22198.01674,22802.34218,20478.09003,21618.35695,24557.23615,25996.04678,27464.51868,28945.46533,29175.92593,31312.7523,33821.93291,36410.12209,39007.16596,39441.84908,43476.85423,46697.35974
Ethiopia,ETH,"GDP per capita, PPP (current international $)",NY.GDP.PCAP.PP.CD,437.3384699,452.4844762,476.5284642,512.5207813,513.1203167,497.2756238,563.5085621,631.6731706,701.6004987,780.532557,856.6597788,912.1083594,1010.022027,1114.045972,1191.440622,1261.1133,1488.625755,1630.877462,1848.661116,1987.968754,2117.159362,2274.185566,2379.447888,2559.097324,2811.581744
European Union,EUU,"GDP per capita, PPP (current international $)",NY.GDP.PCAP.PP.CD,19968.47707,20745.12402,22078.09393,23172.37911,24186.9259,24707.38192,25863.60621,26814.07343,29122.92507,31036.14491,32492.11277,31816.18424,32866.38587,34494.4906,34966.02491,36064.99227,37063.67111,38221.66836,40552.27713,42663.20205,44649.74553,47494.65444,45904.36278,49024.39947,54248.60751
Fragile and conflict affected situations,FCS,"GDP per capita, PPP (current international $)",NY.GDP.PCAP.PP.CD,2478.159795,2509.227561,2661.698313,2780.58456,2800.393363,2742.676317,3129.458631,3351.604682,3602.810227,3852.811349,4029.82978,3984.293276,4151.638436,4177.837106,4391.182185,4584.760224,4593.392501,4391.36357,4440.545922,4580.853312,4727.5605,4823.534163,4581.899412,4761.670992,4932.191957
Finland,FIN,"GDP per capita, PPP (current international $)",NY.GDP.PCAP.PP.CD,23577.49295,24767.28067,26789.87867,27801.0248,28605.12232,29052.96517,31201.92731,32051.794,34452.89974,37843.11705,40083.69727,37972.65126,38954.48226,40916.83858,40873.09533,41493.14165,41757.40219,42497.70498,44934.44821,47570.13358,49579.331,51811.55737,52305.28931,54706.44597,59026.70734
Fiji,FJI,"GDP per capita, PPP (current international $)",NY.GDP.PCAP.PP.CD,5237.394111,5712.093443,5679.520947,5861.59028,6081.483697,6202.114052,6641.237026,6832.567839,7107.580991,7176.09575,7339.13894,7246.212855,7518.393297,7854.566626,8393.260798,9036.768351,10738.26635,11755.08613,11999.67769,12822.01361,13631.17519,13802.93516,11581.22331,11430.94841,14125.29575
France,FRA,"GDP per capita, PPP (current international $)",NY.GDP.PCAP.PP.CD,23357.45829,24304.40453,26091.84974,27490.86726,28518.82522,28168.6181,29055.35275,30494.21411,32462.96007,34122.70727,35092.69431,34676.36399,35899.40194,37439.23314,37677.72679,39521.69698,40144.02683,40849.99738,42924.61363,44577.06457,46537.47404,50500.96076,48134.95979,51363.72038,55492.56555
Faroe Islands,FRO,"GDP per capita, PPP (current international $)",NY.GDP.PCAP.PP.CD,,,,,,,,,,,,,,,,,,,,,,,,,
"Micronesia, Fed. Sts.",FSM,"GDP per capita, PPP (current international $)",NY.GDP.PCAP.PP.CD,2175.046104,2233.347279,2390.704776,2492.222614,2543.909693,2639.305783,2635.329051,2785.915483,2886.173391,2930.173965,2936.645552,3010.930208,3124.070887,3281.543351,3270.064339,3193.75913,3166.362211,3332.464763,3381.858244,3522.349367,3598.403014,3691.015088,3649.347298,3658.28144,3855.099602
Gabon,GAB,"GDP per capita, PPP (current international $)",NY.GDP.PCAP.PP.CD,15160.58334,13651.86927,13352.07722,13585.23563,13402.50278,13602.07364,13679.33757,14076.1963,13688.58221,14448.89441,13792.03,13448.29955,14084.53803,14863.46234,14628.61588,14437.75973,14721.90115,14113.82767,13749.83255,14478.13031,14597.14731,15092.0306,14682.06377,15243.71819,16470.58354
United Kingdom,GBR,"GDP per capita, PPP (current international $)",NY.GDP.PCAP.PP.CD,23707.95423,24514.67863,26541.00882,27892.86138,29090.90922,30349.70269,32073.74911,32747.04985,34751.67375,35546.26471,36771.00799,35094.36471,36578.93121,37260.67197,38332.48151,39975.1903,41285.0644,42597.68296,44255.11207,46104.0554,47202.19961,49288.69311,45872.02729,50056.26629,54602.54438
Georgia,GEO,"GDP per capita, PPP (current international $)",NY.GDP.PCAP.PP.CD,2742.305824,2920.209842,3100.988403,3375.179089,3647.998924,4159.376204,4546.583845,5171.57736,5866.588877,6818.50985,7139.012454,6984.247646,7564.892257,8360.297207,9826.052753,10611.77412,11575.54721,12089.16941,12858.4834,13589.70739,14596.06929,15624.97002,14748.63211,17088.88105,20113.37724
Ghana,GHA,"GDP per capita, PPP (current international $)",NY.GDP.PCAP.PP.CD,2163.409733,2235.238566,2311.547835,2393.651127,2471.482223,2580.312748,2724.268096,2897.367514,3095.145404,3231.662607,3503.709454,3604.432313,3839.885758,4362.592882,4877.582214,5118.242139,5376.308829,5021.788687,4811.572816,4929.567954,5248.46349,5572.669189,5558.356264,5997.557665,6498.385727
Gibraltar,GIB,"GDP per capita, PPP (current international $)",NY.GDP.PCAP.PP.CD,,,,,,,,,,,,,,,,,,,,,,,,,
Guinea,GIN,"GDP per capita, PPP (current international $)",NY.GDP.PCAP.PP.CD,1142.61071,1176.05102,1208.833679,1264.789472,1330.042083,1342.784671,1381.368728,1438.63838,1470.030477,1576.122036,1632.940052,1585.791515,1641.250106,1726.182307,1772.704931,1784.690499,1775.501628,1789.018453,2045.094368,2383.578867,2531.140575,2653.082556,2749.983505,2913.509484,3187.019343
"Gambia, The",GMB,"GDP per capita, PPP (current international $)",NY.GDP.PCAP.PP.CD,1595.494692,1671.837542,1752.253256,1841.950851,1759.005275,1863.056188,1989.54837,1945.583605,1935.12031,1985.716993,2084.664897,2169.269373,2254.050604,2049.349001,2033.281001,1960.584941,1874.262665,1913.415347,1918.697016,1927.039942,2060.974632,2171.664617,2157.035033,2291.404286,2509.829512
Guinea-Bissau,GNB,"GDP per capita, PPP (current international $)",NY.GDP.PCAP.PP.CD,983.9959061,989.3768296,1045.577118,1069.483057,1051.779906,1054.060374,1086.352766,1140.526245,1173.626676,1213.371301,1243.797325,1261.097036,1301.004359,1398.117143,1316.16757,1324.608211,1338.015633,1551.034122,1697.129045,1872.309281,1896.406983,1970.71281,1904.658634,2020.854866,2190.439234
Equatorial Guinea,GNQ,"GDP per capita, PPP (current international $)",NY.GDP.PCAP.PP.CD,5378.460744,6589.357146,7617.720584,12119.46637,14024.49044,15563.06278,21074.61661,24249.87047,25714.15635,29052.49128,33261.8694,32341.28341,28424.51936,29556.1131,32457.55078,30083.8921,29197.69173,20858.09644,17771.5628,19617.84471,18192.04991,16929.14277,15980.00074,16151.32598,17396.01797
Greece,GRC,"GDP per capita, PPP (current international $)",NY.GDP.PCAP.PP.CD,18034.21348,18464.73208,19519.95681,20958.79401,22615.93561,23897.82661,25460.59937,25577.52411,28547.29656,29323.97973,30856.01184,30359.45115,27911.69743,25671.51609,24911.11963,25986.65032,26625.06181,26760.3633,27511.80102,28604.86094,29617.54834,31155.90712,28416.5239,31294.80029,36834.87109
Grenada,GRD,"GDP per capita, PPP (current international $)",NY.GDP.PCAP.PP.CD,6356.121654,6850.156545,7306.115958,7285.341369,7632.349357,8479.681512,8589.637125,9967.958141,9799.746305,10610.43005,10843.31622,10121.74045,10120.42616,10330.08298,10348.99851,10995.56926,12039.11205,13036.56082,13810.38775,14870.03149,15772.04804,16046.90915,13913.53161,15104.46454,16987.12842
Greenland,GRL,"GDP per capita, PPP (current international $)",NY.GDP.PCAP.PP.CD,,,,,,,,,,,,,,,,,,,,,,,,,
Guatemala,GTM,"GDP per capita, PPP (current international $)",NY.GDP.PCAP.PP.CD,4474.145231,4601.413727,4758.248081,4860.75067,5009.586478,5126.233469,5314.815602,5544.676707,5900.851227,6318.320288,6524.609737,6474.796935,6618.916031,6910.876502,7204.732938,7446.588009,7758.49317,8194.440681,8221.746427,8322.21681,8672.717782,9040.834113,8859.01174,9850.904667,10818.17172
Guam,GUM,"GDP per capita, PPP (current international $)",NY.GDP.PCAP.PP.CD,,,,,,,,,,,,,,,,,,,,,,,,,
Guyana,GUY,"GDP per capita, PPP (current international $)",NY.GDP.PCAP.PP.CD,5623.020946,5860.857441,5903.819779,6168.281133,6331.085303,6413.202937,6689.525608,6771.061588,7351.019766,8112.345461,8439.50566,8834.223432,9351.787923,10092.08249,10640.67256,11198.16014,11130.49447,11382.24238,11479.46201,12193.62168,12671.70299,13364.22157,19462.93436,24193.52752,40641.78734
High income,HIC,"GDP per capita, PPP (current international $)",NY.GDP.PCAP.PP.CD,24900.32881,25901.3654,27537.9803,28458.83705,29386.31318,30414.81434,32148.35776,33727.78276,35937.93546,37726.13574,38737.08076,37683.86745,39130.53388,40796.42117,41947.77026,43298.67637,44435.31426,45202.98736,46515.31837,48418.7849,50448.35878,52371.23683,50952.57877,55232.52556,60620.87664
"Hong Kong SAR, China",HKG,"GDP per capita, PPP (current international $)",NY.GDP.PCAP.PP.CD,25114.40621,25858.56119,28221.06194,28805.62754,29607.82332,31176.4065,34528.14236,38075.1671,41741.36012,45250.20755,46818.47458,45861.01853,49190.5961,52277.46644,52234.59232,53691.83748,54781.64716,56408.93627,57225.09,59842.213,62523.13559,62119.40193,59022.83555,66248.81277,69049.43654
Honduras,HND,"GDP per capita, PPP (current international $)",NY.GDP.PCAP.PP.CD,2442.302457,2394.421072,2556.419304,2614.067537,2683.047286,2788.131725,2966.63093,3167.059951,3398.067692,3622.036167,3763.50326,3617.158904,3719.19615,3863.651341,3963.015777,4067.289315,4368.555682,4729.153322,5043.871489,5447.698792,5694.958543,5851.742458,5309.790178,6148.664464,6741.096947
Heavily indebted poor countries (HIPC),HPC,"GDP per capita, PPP (current international $)",NY.GDP.PCAP.PP.CD,1271.168211,1294.84764,1327.997728,1376.295304,1402.987516,1447.326564,1526.149095,1616.598274,1715.495827,1808.422264,1893.555822,1921.092074,2006.943096,2078.07303,2070.766959,2155.444384,2293.222204,2338.091899,2423.668883,2497.126537,2586.638018,2670.781008,2636.692455,2781.359328,3032.444267
Croatia,HRV,"GDP per capita, PPP (current international $)",NY.GDP.PCAP.PP.CD,9887.481031,9939.949509,10669.43175,11650.43368,12774.82647,13697.30864,14694.4507,15455.11907,17611.9919,19527.41456,20978.49098,20227.39897,20048.34854,21094.04022,21463.73225,22134.72959,22360.96467,23338.2174,25260.2009,27206.93571,28909.41656,31588.02672,29690.15368,34721.87268,40379.57244
Haiti,HTI,"GDP per capita, PPP (current international $)",NY.GDP.PCAP.PP.CD,2136.171335,2184.859637,2213.014882,2214.977545,2233.840707,2316.906432,2308.649266,2413.682641,2489.979042,2633.706635,2711.12747,2843.085089,2683.688662,2846.881182,2801.350402,2992.430351,3005.800422,2938.044758,3138.541125,3200.042183,3286.586198,3244.292031,3136.849494,3179.257956,3305.075955
Hungary,HUN,"GDP per capita, PPP (current international $)",NY.GDP.PCAP.PP.CD,10398.34357,10873.24786,11855.46471,13210.45771,14526.38826,15479.02673,16268.93885,17108.34058,18382.55855,19096.70547,20721.50241,20722.88699,21741.54584,23029.44718,23267.44839,24547.98053,25691.52726,26798.85417,27941.92686,29496.16368,31908.86345,34645.56538,34169.92228,36773.31403,41906.65557
IBRD only,IBD,"GDP per capita, PPP (current international $)",NY.GDP.PCAP.PP.CD,4004.288515,4163.534937,4456.588964,4675.37898,4906.570759,5240.353603,5742.121365,6286.099127,7017.866185,7764.196125,8377.827147,8615.243738,9297.921,10013.98251,10610.9176,11087.4412,11401.29087,11486.54929,11899.29327,12526.48115,13351.0571,13993.49568,13809.22794,15336.34575,17027.55919
IDA & IBRD total,IBT,"GDP per capita, PPP (current international $)",NY.GDP.PCAP.PP.CD,3498.043283,3626.375257,3864.815487,4044.907256,4234.11286,4505.562019,4917.436339,5362.418794,5951.58671,6548.446781,7032.680469,7219.803203,7754.431318,8309.742055,8764.219705,9144.710378,9409.855747,9478.643616,9790.748362,10264.05239,10899.16571,11384.66271,11207.6403,12361.15389,13662.2889
IDA total,IDA,"GDP per capita, PPP (current international $)",NY.GDP.PCAP.PP.CD,1649.163553,1686.88198,1753.637652,1824.479522,1897.586807,1986.087049,2125.502143,2274.825962,2433.453214,2590.298283,2709.224544,2792.696118,2924.169465,3046.703479,3128.691093,3278.211657,3459.319148,3544.217077,3631.506797,3736.895631,3920.030145,4065.061196,4021.142928,4277.794992,4682.921408
IDA blend,IDB,"GDP per capita, PPP (current international $)",NY.GDP.PCAP.PP.CD,2363.192849,2393.578905,2475.231049,2567.566239,2701.925941,2834.781904,3058.053902,3269.132374,3485.673609,3693.524511,3814.388508,3946.338907,4099.398731,4262.691029,4342.067358,4521.125922,4741.036653,4826.708567,4830.504369,4909.8609,5136.339265,5268.677525,5161.703646,5566.059537,6113.121683
Indonesia,IDN,"GDP per capita, PPP (current international $)",NY.GDP.PCAP.PP.CD,4396.787351,4427.113458,4681.91945,4892.352515,5121.33454,5399.32871,5749.521451,6188.855532,6643.880722,7161.810728,7638.009575,7941.166333,8430.615417,9022.72138,9645.149197,10009.0107,10233.98527,10219.17641,10482.699,10941.92095,11671.43233,12360.69174,12160.71676,13086.39242,14652.92828
IDA only,IDX,"GDP per capita, PPP (current international $)",NY.GDP.PCAP.PP.CD,1296.497067,1337.573593,1395.768828,1454.545181,1496.401439,1563.309181,1660.624749,1779.312215,1909.468223,2040.939263,2158.731049,2216.77609,2336.203808,2437.503987,2521.199174,2656.448384,2819.478379,2906.157746,3040.308089,3162.488977,3326.729312,3481.662327,3471.510198,3655.887476,3992.648008
Isle of Man,IMN,"GDP per capita, PPP (current international $)",NY.GDP.PCAP.PP.CD,,,,,,,,,,,,,,,,,,,,,,,,,
India,IND,"GDP per capita, PPP (current international $)",NY.GDP.PCAP.PP.CD,1847.256696,2001.634107,2087.224776,2197.109404,2275.441506,2459.953916,2680.898081,2936.560443,3221.697778,3510.388774,3636.060371,3892.530031,4215.580828,4467.466655,4827.945973,5016.928746,5187.255759,5412.336239,5778.269614,6112.06665,6590.882301,6897.770038,6517.761388,7367.994665,8379.062487
Not classified,INX,"GDP per capita, PPP (current international $)",NY.GDP.PCAP.PP.CD,,,,,,,,,,,,,,,,,,,,,,,,,
Ireland,IRL,"GDP per capita, PPP (current international $)",NY.GDP.PCAP.PP.CD,25093.0949,27041.34742,30211.48222,32573.5306,35222.02872,36284.92798,38733.58417,40466.23435,44229.52458,46779.39635,44169.09434,41471.4941,43208.24453,45085.39009,46388.57961,47842.99409,51137.97697,69074.96762,71537.58187,77968.62985,84708.25092,89716.1637,93942.60575,106570.3984,126905.1985
"Iran, Islamic Rep.",IRN,"GDP per capita, PPP (current international $)",NY.GDP.PCAP.PP.CD,10027.88868,10209.83708,10871.13341,11188.9895,12162.41857,13349.50528,14073.07565,14738.15224,15707.85852,17196.28961,17330.67303,17379.40321,18348.51528,18981.2308,16757.19207,15939.68053,15704.91642,13828.43857,14661.83944,15163.29231,14980.63479,14681.68732,15240.77291,16557.04618,18075.05497
Iraq,IRQ,"GDP per capita, PPP (current international $)",NY.GDP.PCAP.PP.CD,7896.674287,9112.657586,10538.5354,10622.1277,9590.305474,6008.405549,9194.798483,9359.558954,10120.16251,10680.06189,11555.74417,11597.83401,12098.90311,12825.63742,14279.26515,14517.48261,13005.7538,9198.737829,8920.041235,9976.854942,10235.33636,10736.12226,9343.734411,9695.626465,10861.82189
Iceland,ISL,"GDP per capita, PPP (current international $)",NY.GDP.PCAP.PP.CD,28721.78103,29557.54183,29784.83655,31882.1464,32607.10588,32700.89216,35616.40379,37322.73993,39697.76312,41468.67398,43728.11406,41864.61935,39773.26353,40936.86783,42004.44761,44409.66895,45996.96875,49201.0641,53480.39719,55638.49206,57197.76762,59608.04786,54303.90417,58195.36309,69081.26167
Israel,ISR,"GDP per capita, PPP (current international $)",NY.GDP.PCAP.PP.CD,22828.27867,23319.96677,25688.08234,25740.79456,26044.74349,24648.27091,26056.3453,25625.03904,26336.42822,28175.20726,27994.90107,27903.11705,29298.96195,31161.72418,32322.69352,34740.40169,34740.31091,35864.273,38208.35624,39448.13915,40231.90526,40937.00956,40219.26852,44064.5638,49509.12899
Italy,ITA,"GDP per capita, PPP (current international $)",NY.GDP.PCAP.PP.CD,25021.65968,25602.38947,27077.63273,28039.09289,28736.57711,29198.39927,29554.86256,30130.64446,32451.49348,34145.54606,35523.27131,34603.25586,35156.66839,36598.01497,36486.29679,36314.6971,36194.87392,36899.38521,39926.95466,41581.12079,43036.24378,45799.77225,43144.40642,46705.01791,51864.97774
Jamaica,JAM,"GDP per capita, PPP (current international $)",NY.GDP.PCAP.PP.CD,6187.579073,6292.395288,6451.899649,6652.370572,6857.452873,7214.214656,7469.314226,7735.114232,8165.919733,8470.290267,8530.609009,8178.963348,8122.350005,8396.881317,8431.375117,8703.54096,8823.114362,9095.919824,9533.839562,9984.577117,10405.03397,10678.84167,9724.163469,10601.17382,11821.58495
Jordan,JOR,"GDP per capita, PPP (current international $)",NY.GDP.PCAP.PP.CD,5610.955786,5756.493028,6008.923974,6333.894482,6659.910168,6915.90387,7520.004934,8171.836442,8510.710973,8874.170313,9464.339703,9785.721106,9912.172408,10133.77152,10308.04395,10320.79788,9457.596728,9237.718184,9056.909866,9629.102997,9814.924305,9939.037003,9698.43367,10155.42499,11003.12452
Japan,JPN,"GDP per capita, PPP (current international $)",NY.GDP.PCAP.PP.CD,25509.8996,25735.97109,27287.27019,27942.34665,28623.58845,29392.24899,30830.65845,32169.86749,33634.63171,35015.98657,35273.79115,33547.28342,35335.37351,36214.43977,37605.97426,39402.0251,39555.41201,40898.80697,40596.96866,41444.21574,42141.9353,42270.96279,41683.91558,42833.85133,45572.72382
Kazakhstan,KAZ,"GDP per capita, PPP (current international $)",NY.GDP.PCAP.PP.CD,6523.298279,6859.037588,7725.002523,8980.674385,10014.05069,11123.89013,12432.36623,13941.50088,15742.06403,17406.16112,17985.38574,17958.31266,19227.1844,20779.44425,22032.17454,24504.76609,24726.47287,23224.11784,23818.82483,24862.96612,26158.44577,27469.4151,26782.10018,28811.87883,30809.87943
Kenya,KEN,"GDP per capita, PPP (current international $)",NY.GDP.PCAP.PP.CD,1878.673128,1895.228033,1893.76402,1949.66935,1931.39493,1967.994184,2061.41531,2185.602662,2328.560704,2480.651588,2459.727742,2482.750986,2639.634774,2758.24151,2870.680261,3147.949284,3421.245961,3763.763686,4025.841747,4312.908917,4572.149937,4796.354095,4749.276967,5236.612163,5763.910092
Kyrgyz Republic,KGZ,"GDP per capita, PPP (current international $)",NY.GDP.PCAP.PP.CD,1686.936746,1747.092619,1861.621661,1985.930219,1998.107104,2158.041983,2343.15794,2385.338014,2508.128874,2769.433362,3030.752903,3100.556976,3085.990191,3297.366837,3618.149726,4042.893053,4281.824074,4214.829509,4681.174733,5046.691535,5256.555894,5481.38014,4990.928369,5444.226299,6132.514721
Cambodia,KHM,"GDP per capita, PPP (current international $)",NY.GDP.PCAP.PP.CD,870.339453,975.5210426,1077.41477,1170.276239,1244.16096,1352.309266,1505.284011,1727.637369,1938.931468,2156.770173,2306.693651,2288.718256,2418.836055,2605.489544,2867.537377,3051.001466,3198.673549,3411.577267,3708.369109,3972.724164,4319.01589,4653.630366,4515.709506,4805.080743,5349.463794
Kiribati,KIR,"GDP per capita, PPP (current international $)",NY.GDP.PCAP.PP.CD,1425.840384,1399.484532,1494.327548,1477.169517,1525.516783,1554.829981,1539.183515,1633.128285,1650.425876,1697.050456,1661.369986,1653.162893,1623.667104,1657.817006,1747.778217,1824.712697,1811.689674,1980.668736,1960.613473,1970.825881,2088.458928,2046.81068,2003.323401,2215.729789,2364.726563
St. Kitts and Nevis,KNA,"GDP per capita, PPP (current international $)",NY.GDP.PCAP.PP.CD,13247.98914,13683.19381,15183.0774,16154.19613,16530.41955,16135.38047,17175.53803,19377.89555,20539.63271,21157.7732,23902.37003,23178.76256,23409.71618,24191.56901,23159.65436,24317.38062,26463.36256,26571.1021,27952.8489,29333.59837,30670.60251,32517.69914,28196.74404,29226.34054,34051.88203
"Korea, Rep.",KOR,"GDP per capita, PPP (current international $)",NY.GDP.PCAP.PP.CD,14974.65957,16807.12948,18538.83553,19724.42595,21396.83775,22095.87083,23773.82865,25186.86757,26884.26733,29064.91808,29946.07749,29508.38151,31736.62844,32546.75365,33557.12872,34244.31214,35324.49767,37902.4004,39575.45428,40957.41806,43044.29176,43410.3022,44694.7337,46875.29098,50069.82339
Kuwait,KWT,"GDP per capita, PPP (current international $)",NY.GDP.PCAP.PP.CD,59149.12125,57093.332,59312.09372,59045.26976,60092.76112,70043.63501,77375.44305,85033.20517,89139.78191,91484.73035,90355.24368,80128.44922,75193.7119,78780.72849,81564.6333,75486.71538,68766.26849,46346.70359,43678.51632,50007.29954,50119.62476,49321.47237,46382.89974,50375.38156,58056.23269
Latin America & Caribbean (excluding high income),LAC,"GDP per capita, PPP (current international $)",NY.GDP.PCAP.PP.CD,8060.980722,8083.387314,8445.881204,8541.50599,8630.034675,8908.563609,9515.622943,10088.90287,10874.13928,11633.25891,12265.93582,12085.60081,12909.98474,13750.25128,14003.30149,14468.9458,14777.48477,14548.93981,14766.7473,15367.63383,15797.50761,15979.06853,15015.20643,16460.30062,18212.81813
Lao PDR,LAO,"GDP per capita, PPP (current international $)",NY.GDP.PCAP.PP.CD,1576.958876,1686.09558,1793.783279,1908.464249,2021.288797,2154.35086,2320.560669,2526.295551,2784.178246,3028.391352,3276.725191,3491.586041,3778.153906,4106.342233,4793.832899,5241.846002,5828.375007,6126.440613,6798.360308,7211.259089,7727.752551,8172.577923,8198.836474,8658.809039,9384.265695
Lebanon,LBN,"GDP per capita, PPP (current international $)",NY.GDP.PCAP.PP.CD,7865.381474,7801.31174,7952.956237,8312.480848,8618.182587,8954.791525,9659.287463,10079.38341,10379.65849,11435.26843,12508.68577,13698.93403,14835.37258,15125.82295,15840.89578,15584.62399,14985.5237,15379.59978,16588.08663,17808.07689,18368.79812,17913.88484,14563.77053,14330.51563,
Liberia,LBR,"GDP per capita, PPP (current international $)",NY.GDP.PCAP.PP.CD,,,976.243155,997.6095409,1024.164077,723.7371555,753.5311008,782.1647036,823.4873833,881.1619143,923.7983727,948.6200975,989.4691765,1050.725084,1149.993616,1331.334534,1367.668463,1272.596565,1393.543985,1533.411238,1558.316835,1517.372933,1461.341447,1570.47438,1724.997855
Libya,LBY,"GDP per capita, PPP (current international $)",NY.GDP.PCAP.PP.CD,,20391.95156,21215.23016,20821.52394,20441.85823,22974.88456,24016.25062,26995.69396,28965.95709,30960.40712,30839.5002,29056.50614,30257.01128,16091.43599,29393.27694,24136.07055,20809.59303,22163.1408,21871.7681,24212.91093,26352.83312,23491.20006,16495.99022,22371.38078,23374.989
St. Lucia,LCA,"GDP per capita, PPP (current international $)",NY.GDP.PCAP.PP.CD,8839.98815,9122.491706,9260.916821,9084.522035,9195.531638,9702.073082,10608.97328,10821.18572,11769.02993,12214.66204,12983.07106,12613.45078,12713.78688,13444.3468,13288.89294,13725.18512,13989.34116,13815.47148,14584.41111,15247.40646,15998.23475,16116.41672,12303.54217,14395.64049,17755.96518
Latin America & Caribbean,LCN,"GDP per capita, PPP (current international $)",NY.GDP.PCAP.PP.CD,8310.442296,8309.213737,8682.038174,8815.286892,8856.497892,9093.860819,9788.394672,10413.06358,11297.05819,12103.77744,12720.56258,12509.92852,13301.40245,14174.64209,14467.77156,14954.24829,15278.56001,15073.04439,15323.40536,15960.17334,16441.43261,16666.41624,15685.8358,17254.64091,19096.59087
Least developed countries: UN classification,LDC,"GDP per capita, PPP (current international $)",NY.GDP.PCAP.PP.CD,1178.312292,1215.640306,1268.085545,1334.569394,1385.486058,1450.058547,1546.646038,1673.173611,1803.043019,1944.153347,2063.081202,2117.692291,2224.952594,2304.913338,2366.805759,2485.536766,2639.155324,2695.458136,2812.430381,2925.169406,3070.612065,3216.299373,3216.502433,3352.661742,3679.685531
Low income,LIC,"GDP per capita, PPP (current international $)",NY.GDP.PCAP.PP.CD,928.7817232,948.1838229,977.4567261,1026.596578,1052.580696,1094.013219,1157.846787,1237.937524,1315.665759,1396.213587,1461.557464,1483.865721,1562.767891,1570.204027,1485.832947,1553.696099,1681.72754,1744.31634,1839.704791,1880.076248,1944.093609,2009.451961,1995.123395,2067.927826,2244.965676
Liechtenstein,LIE,"GDP per capita, PPP (current international $)",NY.GDP.PCAP.PP.CD,,,,,,,,,,,,,,,,,,,,,,,,,
Sri Lanka,LKA,"GDP per capita, PPP (current international $)",NY.GDP.PCAP.PP.CD,3959.264322,4163.142899,4487.442413,4483.270409,4686.491566,5012.386524,5375.052599,5834.70903,6411.820695,6959.844283,7438.70424,7676.830282,8316.305196,9140.504317,10319.39616,10952.89285,11452.47372,11998.20251,12921.05497,13544.51899,14083.68639,14217.46866,13664.22666,14621.51634,14405.41595
Lower middle income,LMC,"GDP per capita, PPP (current international $)",NY.GDP.PCAP.PP.CD,2489.284626,2603.528936,2729.776618,2856.782245,2986.537277,3192.152668,3441.323372,3706.194673,4009.694455,4336.681876,4512.431893,4672.768866,4960.974219,5210.218001,5467.930221,5656.172462,5809.727169,5912.709528,6175.298448,6468.336365,6856.615294,7135.349574,6910.783899,7572.334707,8416.180541
Low & middle income,LMY,"GDP per capita, PPP (current international $)",NY.GDP.PCAP.PP.CD,3357.073363,3488.036535,3721.794168,3896.131726,4085.828993,4359.431122,4752.622289,5189.117799,5753.857789,6329.422236,6796.58956,6989.130144,7516.736159,8054.74335,8500.902548,8877.824353,9134.977575,9193.09401,9489.444218,9941.058284,10555.66976,11014.20972,10842.54043,11963.03772,13213.67289
Lesotho,LSO,"GDP per capita, PPP (current international $)",NY.GDP.PCAP.PP.CD,1186.816259,1204.053122,1276.244824,1350.906792,1383.233244,1478.182847,1549.495672,1660.132688,1784.330617,1902.86333,2034.604158,2007.691616,2124.464058,2252.046742,2264.283614,2506.947367,2734.859882,2990.952647,2894.83384,2571.694113,2562.183577,2556.02101,2413.078683,2530.067165,2694.546616
Late-demographic dividend,LTE,"GDP per capita, PPP (current international $)",NY.GDP.PCAP.PP.CD,4198.440619,4408.11731,4791.125889,5115.503454,5488.665304,5969.126956,6588.703246,7297.201941,8307.426072,9341.68544,10280.7456,10666.07421,11600.53824,12674.1414,13521.32101,14237.73439,14721.70442,14749.1286,15205.47907,16041.07087,17286.99981,18337.77052,18504.47149,20656.30951,22814.23199
Lithuania,LTU,"GDP per capita, PPP (current international $)",NY.GDP.PCAP.PP.CD,7762.915705,7820.701013,8447.021187,9437.514839,10480.6961,12068.24169,13030.51777,14510.59678,16481.41278,19096.7123,20721.0132,18117.65662,20096.64685,22884.92623,24703.68582,26721.57967,28184.47233,28834.42768,30925.17085,33761.87124,36376.52788,39957.60697,40176.46004,43796.78401,48396.69354
Luxembourg,LUX,"GDP per capita, PPP (current international $)",NY.GDP.PCAP.PP.CD,44268.50803,49844.67696,55127.92618,56136.00636,58575.67927,60199.53877,64692.93712,68787.85475,78873.38131,85120.68792,90970.7212,86876.71964,90357.09752,94475.03023,96636.42664,100925.012,105296.2846,107859.686,113365.1761,114985.8422,116498.5121,119541.7584,120010.2083,131511.0202,142213.8517
Latvia,LVA,"GDP per capita, PPP (current international $)",NY.GDP.PCAP.PP.CD,7068.535399,7405.827073,8040.575903,9045.954116,10081.19186,11061.46914,12278.73858,13913.85175,15857.01253,18238.60776,19573.15539,17024.63697,17706.78544,19248.53524,21290.45959,22639.06834,23815.80006,24972.78609,26721.7262,28673.5634,30877.04193,32927.79512,33018.62417,35018.45211,39956.19048
"Macao SAR, China",MAC,"GDP per capita, PPP (current international $)",NY.GDP.PCAP.PP.CD,33309.32289,32459.38637,34583.99323,35785.92078,38654.11262,42781.08364,54108.00401,58695.48911,66798.09536,76482.28986,78504.62049,77954.20536,96182.04004,116537.5378,129705.1215,149421.5927,149325.1718,113813.739,112351.2772,122977.509,131525.0315,128031.1535,58248.35695,71500.77649,55344.47879
St. Martin (French part),MAF,"GDP per capita, PPP (current international $)",NY.GDP.PCAP.PP.CD,,,,,,,,,,,,,,,,,,,,,,,,,
Morocco,MAR,"GDP per capita, PPP (current international $)",NY.GDP.PCAP.PP.CD,3717.62793,3780.349854,3912.095703,4251.728027,4420.754883,4726.597656,5010.852051,5261.407715,5768.400391,6047.793457,6429.329102,6625.4375,6847.389648,7275.17041,7280.837891,7483.098145,7149.036133,7669.945313,7693.057129,7921.619141,8266.143555,8566.116211,7968.674316,8892.104492,9518.706055
Monaco,MCO,"GDP per capita, PPP (current international $)",NY.GDP.PCAP.PP.CD,,,,,,,,,,,,,,,,,,,,,,,,,
Moldova,MDA,"GDP per capita, PPP (current international $)",NY.GDP.PCAP.PP.CD,2964.397329,2909.481652,3044.295217,3310.161637,3632.370266,3959.661396,4377.654503,4865.37378,5270.871478,5588.652679,6151.813552,5827.12212,6322.158231,6832.941564,7277.256326,8283.882207,8724.06965,9312.734586,10487.63855,11464.01815,12434.64847,13318.80593,12512.60037,15009.60658,15238.14821
Madagascar,MDG,"GDP per capita, PPP (current international $)",NY.GDP.PCAP.PP.CD,1179.832198,1214.463598,1258.486875,1323.539672,1143.025798,1242.643909,1304.338315,1368.618453,1444.122595,1522.628123,1608.48065,1509.961524,1494.130237,1506.468,1489.631498,1494.685371,1515.5983,1508.442706,1568.389357,1548.156425,1594.761492,1652.713347,1516.654232,1635.740148,1774.068709
Maldives,MDV,"GDP per capita, PPP (current international $)",NY.GDP.PCAP.PP.CD,7541.83959,7994.451508,8357.876591,8071.518951,8643.911104,9859.794908,10560.93286,9311.584272,11821.05118,12645.64722,13618.21594,12272.0064,12859.8353,13761.92766,14033.12811,15322.19699,16694.58606,17512.96413,18225.96857,18973.56896,20265.24064,21446.98884,14171.00128,20706.63211,24771.72294
Middle East & North Africa,MEA,"GDP per capita, PPP (current international $)",NY.GDP.PCAP.PP.CD,10421.93645,10567.24716,11302.32399,11506.1411,11671.90535,12222.85644,13293.91572,14041.34917,14913.3015,15731.98849,16329.31139,16156.80943,16792.14318,17460.9017,18012.61133,17858.52031,17542.52925,15868.11788,15659.03902,16391.52562,16808.97996,16988.0456,16422.51853,17648.7314,19676.62933
Mexico,MEX,"GDP per capita, PPP (current international $)",NY.GDP.PCAP.PP.CD,10315.05849,10573.55897,11205.78595,11237.2898,11272.58085,11561.3868,12157.19144,12725.19759,13899.91986,14411.74519,15078.68781,14732.94074,15466.57032,16743.85518,17388.03521,17601.49018,18299.95519,18561.72076,19612.14849,20032.40861,20448.92162,20224.29089,18522.00217,19578.40381,21512.26954
Marshall Islands,MHL,"GDP per capita, PPP (current international $)",NY.GDP.PCAP.PP.CD,2246.279466,2221.348859,2285.874845,2488.252783,2617.587921,2626.261448,2735.471542,2876.45061,2978.28098,3172.47284,2998.403581,3141.486304,3362.712811,3450.782018,3520.937393,3775.970034,3873.881115,4076.827692,4294.662935,4635.01719,5074.341698,5886.667629,6030.970261,6578.729436,7227.858936
Middle income,MIC,"GDP per capita, PPP (current international $)",NY.GDP.PCAP.PP.CD,3554.353028,3697.030648,3950.153718,4138.121493,4345.740287,4644.028103,5070.794282,5544.474393,6159.907559,6788.63571,7301.479477,7518.854074,8099.050833,8698.855807,9207.40191,9625.059359,9906.363083,9975.368175,10305.80272,10814.37561,11503.62776,12023.39758,11853.1896,13112.53049,14513.17177
North Macedonia,MKD,"GDP per capita, PPP (current international $)",NY.GDP.PCAP.PP.CD,5448.324692,5724.447332,6152.640084,6050.867161,6395.226348,6595.776842,7172.06358,7848.882967,8688.95708,9351.977352,10521.89361,11010.61134,11360.93945,11689.93585,11915.65855,12727.32045,13434.84875,13888.30114,15137.93452,15706.4827,16796.38792,18007.18476,17324.85624,18344.31005,20161.75091
Mali,MLI,"GDP per capita, PPP (current international $)",NY.GDP.PCAP.PP.CD,1066.189184,1111.812476,1103.743264,1263.397245,1282.120839,1381.625913,1394.539676,1482.437505,1547.418173,1591.33496,1644.359014,1678.881691,1732.130848,1766.843104,1706.679102,1753.879778,1847.910072,1957.003495,2103.008648,2153.845638,2238.118108,2313.159094,2242.791702,2340.019199,2517.147263
Malta,MLT,"GDP per capita, PPP (current international $)",NY.GDP.PCAP.PP.CD,15049.53572,16052.83037,19503.01249,19721.59557,20577.86464,21087.71449,21610.93149,22275.66118,23317.61434,25062.06825,26523.46999,26650.88131,28722.44772,28973.28956,30243.9832,32295.671,34344.0922,37455.12315,39705.64187,43508.78326,45557.7168,49221.34123,44925.83118,49974.77515,55927.85938
Myanmar,MMR,"GDP per capita, PPP (current international $)",NY.GDP.PCAP.PP.CD,684.5910064,744.3107209,846.3641425,963.2530137,1081.810815,1234.626176,1428.782719,1659.971139,1924.228498,2206.869227,2483.725489,2743.731166,3033.085185,3301.955191,3631.575333,3872.500709,4104.83876,4200.876849,4120.737169,4312.947389,4665.816837,5034.362972,5224.199055,4449.833898,4870.021499
Middle East & North Africa (excluding high income),MNA,"GDP per capita, PPP (current international $)",NY.GDP.PCAP.PP.CD,6475.105567,6751.764651,7207.158299,7426.982282,7658.19497,7825.570359,8506.891917,8972.503948,9540.486624,10206.95102,10554.26038,10661.57127,11131.95849,11140.91893,11354.18786,11199.76649,10855.8349,10206.56834,10270.84733,10710.93775,10971.41729,11100.95842,10814.76683,11627.24311,12764.03822
Montenegro,MNE,"GDP per capita, PPP (current international $)",NY.GDP.PCAP.PP.CD,,,6002.605959,6771.370562,7100.324632,7341.204648,7842.347764,8313.63308,10457.22981,12460.73735,13816.56272,13022.87905,13635.88673,14472.48241,13863.88366,14870.1458,15371.20421,16332.84202,18199.30712,19682.29415,21513.42634,23792.43141,20510.82531,23440.48047,26984.0689
Mongolia,MNG,"GDP per capita, PPP (current international $)",NY.GDP.PCAP.PP.CD,3434.314617,3555.144439,3643.610538,3802.166584,4008.493374,4335.971196,4883.732579,5357.262066,5944.022326,6667.241007,7320.552883,7184.470916,7631.145921,8998.687722,10346.01488,10685.71693,11198.3214,10769.25436,10832.48254,11431.49802,12342.03802,12986.37747,12320.27933,12875.62538,14230.23355
Northern Mariana Islands,MNP,"GDP per capita, PPP (current international $)",NY.GDP.PCAP.PP.CD,,,,,,,,,,,,,,,,,,,,,,,,,
Mozambique,MOZ,"GDP per capita, PPP (current international $)",NY.GDP.PCAP.PP.CD,426.6281913,471.6941829,476.2459162,532.2888017,575.8237473,611.4916224,660.1475357,707.5342894,779.8218903,840.7264304,895.7680755,933.218042,978.0725336,1041.454052,1051.382911,1098.261811,1149.878037,1300.828948,1370.244908,1287.234867,1323.979672,1339.688854,1302.513708,1353.686083,1467.769766
Mauritania,MRT,"GDP per capita, PPP (current international $)",NY.GDP.PCAP.PP.CD,3032.380124,3102.776474,2964.592889,2934.392595,2957.18038,3155.55428,3320.771149,3637.09047,4337.520445,4266.91766,4227.345309,4144.174364,4181.977577,4314.773195,4344.632168,4570.492347,4393.08554,4306.676799,4829.604325,5259.065063,5496.247467,5739.147192,5612.553809,5856.628636,6424.116895
Mauritius,MUS,"GDP per capita, PPP (current international $)",NY.GDP.PCAP.PP.CD,8117.612309,8340.238581,9138.577107,9581.278198,9819.339812,10529.97923,11210.31537,11697.89933,12586.73424,13605.10319,14560.24865,15099.20314,15911.6331,16877.46517,17191.91009,18102.92014,18874.82078,19743.6253,21308.6853,22143.82655,23571.89416,24680.5578,21352.39669,23064.34574,26905.91862
Malawi,MWI,"GDP per capita, PPP (current international $)",NY.GDP.PCAP.PP.CD,946.2841092,967.0532704,981.6990038,931.5262556,938.8032371,986.5483575,1040.117478,1077.896281,1131.218037,1237.735946,1319.334201,1397.176711,1468.095208,1528.11656,1486.909319,1594.533998,1552.274681,1457.139406,1475.119612,1454.777492,1513.967035,1582.070725,1573.039483,1645.403715,1732.030343
Malaysia,MYS,"GDP per capita, PPP (current international $)",NY.GDP.PCAP.PP.CD,11447.56877,12013.97315,13038.53479,13061.26049,13632.53502,14351.41497,15367.4434,16314.30914,17364.50238,18549.02712,19408.67053,18860.48072,20146.96162,21308.21578,22527.00105,22959.20176,24012.82509,24164.95968,24864.03924,25935.13952,27480.95492,28848.10085,27277.86229,29057.54059,33433.6174
North America,NAC,"GDP per capita, PPP (current international $)",NY.GDP.PCAP.PP.CD,32212.67529,33862.62611,35650.12322,36460.32577,37310.27144,38792.38218,40962.00099,43360.92832,45501.79534,47221.5147,47767.80731,46376.8032,47808.0293,49236.05772,50842.1091,52395.7477,54188.06728,55554.45921,56724.76313,58740.6449,61520.30381,63553.24975,61855.05356,68447.24625,74519.72561
Namibia,NAM,"GDP per capita, PPP (current international $)",NY.GDP.PCAP.PP.CD,4842.293128,4955.170571,5126.589643,5197.381746,5437.066064,5698.276136,6487.933446,6778.632149,7392.815403,7901.464217,8156.669375,8116.32379,8579.840767,9061.271374,9458.791173,9863.584458,10609.20988,10783.27452,10582.81823,10335.26743,10512.97531,10434.09591,9548.232948,10161.28658,11205.70608
New Caledonia,NCL,"GDP per capita, PPP (current international $)",NY.GDP.PCAP.PP.CD,,,,,,,,,,,,,,,,,,,,,,,,,
Niger,NER,"GDP per capita, PPP (current international $)",NY.GDP.PCAP.PP.CD,792.6160101,775.1322482,756.755653,801.8455647,825.2389504,830.1828814,825.7364864,881.8535418,928.7961781,948.6949447,1004.08365,992.9138483,1051.090318,1057.839871,1148.395343,1118.349114,1134.741716,1138.113651,1146.010418,1155.973559,1221.952421,1269.079286,1282.577817,1309.337926,1505.242676
Nigeria,NGA,"GDP per capita, PPP (current international $)",NY.GDP.PCAP.PP.CD,2203.581774,2191.258739,2292.841832,2418.266344,2757.452332,2938.271484,3208.585866,3428.652416,3648.90381,3887.736752,4116.828423,4355.769088,4632.131313,4843.604555,4899.529196,5136.645243,5415.86121,5342.035991,5159.580444,5120.005598,5212.138871,5291.66297,5137.598402,5431.919211,5860.293736
Nicaragua,NIC,"GDP per capita, PPP (current international $)",NY.GDP.PCAP.PP.CD,2451.609655,2621.39013,2750.781425,2857.252496,2886.835154,2981.697476,3186.572767,3384.227933,3584.173159,3814.355692,3964.338081,3802.917864,3959.969226,4234.827082,4392.628883,4567.401275,4889.214186,5230.543274,5618.051771,5915.375443,5772.179023,5627.033873,5523.544581,6280.907685,6874.811829
Netherlands,NLD,"GDP per capita, PPP (current international $)",NY.GDP.PCAP.PP.CD,27709.61439,29268.5361,31876.9544,33186.52627,34447.20532,34151.35354,35809.9829,37625.56171,41011.15264,43944.71378,46420.20168,44557.39386,45041.58371,46599.02103,47272.10302,49241.51784,49233.2154,50288.59139,52288.41508,55088.6338,57826.6285,60208.42217,59822.95427,63369.02738,69577.40458
Norway,NOR,"GDP per capita, PPP (current international $)",NY.GDP.PCAP.PP.CD,28199.28267,30573.73422,36988.9288,37829.55904,38056.24043,38684.52461,42671.96489,47966.86401,54366.00639,56175.65609,62072.75399,55620.83798,58226.71392,62460.09082,65774.35207,67377.92623,66332.46144,60737.88681,59280.1992,64589.55592,70253.84637,69916.37683,65130.17219,81866.79519,114898.7599
Nepal,NPL,"GDP per capita, PPP (current international $)",NY.GDP.PCAP.PP.CD,1185.692931,1232.5876,1315.970632,1387.797809,1390.169491,1453.408173,1543.018878,1629.159253,1720.62604,1814.095163,1949.504079,2039.905054,2153.126406,2264.329511,2474.08355,2656.358829,2887.631573,2931.620495,2925.532146,3495.5288,3808.722114,4088.421359,3972.515323,4252.375175,4725.041244
Nauru,NRU,"GDP per capita, PPP (current international $)",NY.GDP.PCAP.PP.CD,,,,,,,4206.658838,4004.879692,3785.901955,3626.457799,6112.706849,5784.692384,5755.290157,6426.368965,8465.943071,8795.198673,10090.95787,9404.410202,10032.5232,9359.986725,10134.27677,10976.39481,11418.55934,12126.58875,13117.99436
New Zealand,NZL,"GDP per capita, PPP (current international $)",NY.GDP.PCAP.PP.CD,19319.09049,20579.36592,21501.99843,22526.42478,23306.27954,23990.07928,25103.31711,25677.41908,27732.75555,29332.49916,29827.14255,30679.0352,31224.74899,32701.3786,32988.60976,36242.62123,37293.35679,37479.68298,39933.57444,42204.74574,42507.42881,45852.42302,45554.93294,48443.87301,51966.86258
OECD members,OED,"GDP per capita, PPP (current international $)",NY.GDP.PCAP.PP.CD,22376.10634,23240.60669,24669.03331,25435.05882,26218.87468,26996.71498,28427.0283,29759.72359,31731.62483,33279.67428,34155.60097,33228.58274,34501.93143,35936.86754,36907.49781,38203.00411,39306.34768,40410.32701,41770.39059,43369.09798,45063.54233,46637.38407,45276.96156,48943.37148,53854.01866
Oman,OMN,"GDP per capita, PPP (current international $)",NY.GDP.PCAP.PP.CD,36711.95949,36821.77077,39581.10022,41745.80645,41423.69968,40641.55946,41633.93375,43198.02195,46090.09979,48588.55876,52665.02527,55272.62223,53255.60642,50267.64686,50308.46282,47520.07375,44573.97419,36449.08849,33800.29205,34218.38813,35034.58586,35248.2074,34952.16348,37842.83976,41724.3388
Other small states,OSS,"GDP per capita, PPP (current international $)",NY.GDP.PCAP.PP.CD,,,10979.89885,11546.72731,12100.9901,12677.857,14019.28797,14969.54436,16822.81398,18611.10007,20093.8688,20321.76439,22011.18759,23836.84569,24956.86583,25198.71977,24952.76032,21219.68707,20685.94329,22119.84061,22728.93514,23395.37966,22240.19384,23832.74306,26345.6675
Pakistan,PAK,"GDP per capita, PPP (current international $)",NY.GDP.PCAP.PP.CD,2576.555869,2632.174972,2721.480548,2793.965213,2836.617371,2993.446497,3232.708978,3475.586614,3715.387499,3915.452683,3970.971281,4018.992583,4040.590849,4149.384358,4189.268563,4302.063747,4474.062166,4652.609874,4733.546102,4891.719774,5236.364249,5376.284117,5284.664584,5773.450917,6437.162663
Panama,PAN,"GDP per capita, PPP (current international $)",NY.GDP.PCAP.PP.CD,8219.35964,8491.168043,8745.173627,8819.342918,8980.525416,9361.077203,10138.78845,10996.59285,12087.4644,13646.45312,15000.63929,15009.32364,15789.82942,17624.98339,19441.13066,21646.1031,23807.68731,26316.92455,28918.98814,31638.15192,33034.75138,34178.9238,28096.61231,33563.66061,39279.67538
Peru,PER,"GDP per capita, PPP (current international $)",NY.GDP.PCAP.PP.CD,4776.20582,4834.647834,5000.778712,5076.387272,5373.09604,5647.669109,6027.773555,6548.048287,7198.505639,7961.296296,8791.258632,8881.925515,9664.271272,10400.94848,10679.79775,11196.37773,11410.32919,11481.46456,11933.60033,12442.74646,13001.46125,13275.28157,11813.98844,13830.57026,15047.51833
Philippines,PHL,"GDP per capita, PPP (current international $)",NY.GDP.PCAP.PP.CD,3215.258639,3292.028743,3437.108698,3545.85068,3658.689755,3842.346618,4121.951561,4375.79507,4661.962612,5005.591015,5224.590999,5236.977571,5587.066137,5818.593668,6244.177924,6559.712776,6905.113046,7122.724735,7614.773193,8001.75648,8566.84956,9102.189238,8208.669386,8933.133766,10133.19589
Palau,PLW,"GDP per capita, PPP (current international $)",NY.GDP.PCAP.PP.CD,,,9631.958662,10429.31746,10958.27454,10794.10974,11606.34052,12491.99365,12963.79523,13760.69627,13396.34712,12778.30064,13159.73357,14566.68956,15334.54162,15193.89534,16460.48991,17880.5766,18022.44262,17594.99385,18010.20454,18352.46726,16846.08762,15211.87381,
Papua New Guinea,PNG,"GDP per capita, PPP (current international $)",NY.GDP.PCAP.PP.CD,2297.030108,2291.227116,2207.154102,2178.908925,2136.57377,2153.3938,2198.396023,2334.890552,2457.951525,2637.961804,2599.123255,2709.805326,2930.769648,2938.249398,3046.783671,3133.190249,3530.499072,3704.96272,3851.264927,3967.016196,3957.928658,4115.37039,3951.24593,4049.902305,4446.617938
Poland,POL,"GDP per capita, PPP (current international $)",NY.GDP.PCAP.PP.CD,9487.972128,10040.89838,10674.18236,11121.85163,11804.26626,12289.08262,13353.75507,13896.79338,15151.36172,16804.96406,18303.35292,19240.13434,20889.75531,22658.37732,23589.14757,24319.88029,25316.33154,26822.66425,28165.83655,29958.12071,32027.60273,34976.04445,35315.71726,38134.83339,43268.54371
Pre-demographic dividend,PRE,"GDP per capita, PPP (current international $)",NY.GDP.PCAP.PP.CD,1875.676951,1946.730334,2058.230874,2135.588463,2195.876262,2110.596924,2388.117159,2529.211909,2691.010035,2846.509399,3000.388948,3066.924568,3208.253972,3316.998395,3374.472525,3513.94534,3601.414051,3418.579233,3408.959486,3495.226744,3573.309701,3654.198979,3512.843632,3678.828704,3993.719017
Puerto Rico,PRI,"GDP per capita, PPP (current international $)",NY.GDP.PCAP.PP.CD,20478.15326,21776.69047,22935.20288,24879.21758,25465.67357,25965.87902,28989.62829,29346.92352,29952.63636,30582.98731,30774.76017,30533.38344,30928.79093,31824.15484,32582.62241,33172.67126,33682.85003,34016.02235,34346.86733,34363.74599,35045.83596,36268.24334,34254.93597,36156.64661,40497.57684
"Korea, Dem. People's Rep.",PRK,"GDP per capita, PPP (current international $)",NY.GDP.PCAP.PP.CD,,,,,,,,,,,,,,,,,,,,,,,,,
Portugal,PRT,"GDP per capita, PPP (current international $)",NY.GDP.PCAP.PP.CD,16687.45083,17718.15157,18880.31493,19528.64083,20356.6473,20852.14703,21477.95324,22725.27749,24681.1381,25736.35002,26665.8373,26459.1641,27260.55351,26769.51189,26438.0163,27936.03966,28742.44038,29660.89607,31607.75424,33044.71674,34928.54353,37299.28777,34955.70549,36638.01897,41451.61487
Paraguay,PRY,"GDP per capita, PPP (current international $)",NY.GDP.PCAP.PP.CD,7191.823537,7046.721298,6905.251941,6884.074506,6890.741252,7238.952804,7644.806732,7963.716614,8514.231358,9126.942685,9809.754936,9747.690257,10833.90104,11384.37218,10861.36023,11992.08303,12411.30209,12436.23468,13024.14989,13604.17472,14181.42515,14186.92718,14063.2737,15091.3251,15977.31165
West Bank and Gaza,PSE,"GDP per capita, PPP (current international $)",NY.GDP.PCAP.PP.CD,2851.449383,3052.078808,2782.160554,2514.878481,2178.701096,2469.183634,3013.3813,3371.513879,3354.098695,3485.041614,3712.204098,3950.2413,4120.271088,4494.731323,5255.825609,5371.6871,5510.13293,5954.400784,6305.391803,6401.740891,6470.10354,6510.325436,5705.155021,6224.656776,6756.783285
Pacific island small states,PSS,"GDP per capita, PPP (current international $)",NY.GDP.PCAP.PP.CD,3506.797566,3708.807101,3678.701031,3762.851279,3865.300505,3962.88854,4191.998629,4359.822523,4532.643787,4602.820427,4726.85341,4667.496504,4837.701689,5058.730597,5269.755522,5534.191329,6200.016816,6601.878657,6759.021322,7093.457854,7411.84407,7505.662107,6585.328431,6510.457548,7548.07022
Post-demographic dividend,PST,"GDP per capita, PPP (current international $)",NY.GDP.PCAP.PP.CD,24283.77117,25337.38484,26938.067,27907.09146,28863.8252,29812.97546,31430.53897,32959.78633,35087.16672,36821.53807,37761.76686,36694.84029,38037.13051,39472.34828,40523.84778,42000.98871,43101.98171,44193.24652,45683.78105,47498.6026,49502.689,51413.03849,49920.84065,54050.75325,59180.91903
French Polynesia,PYF,"GDP per capita, PPP (current international $)",NY.GDP.PCAP.PP.CD,,,,,,,,,,,,,,,,,,,,,,,,,
Qatar,QAT,"GDP per capita, PPP (current international $)",NY.GDP.PCAP.PP.CD,,,88707.29419,89675.055,92911.48311,93630.20531,110286.9632,112073.1006,121877.5941,121689.4537,124470.952,125789.1041,143070.2105,157255.3942,163219.492,158675.8127,143332.9077,98787.37849,84998.46792,92177.59594,93660.40729,94693.07726,94005.35835,102469.9676,114648.0316
Romania,ROU,"GDP per capita, PPP (current international $)",NY.GDP.PCAP.PP.CD,5544.554779,5596.447063,5848.877956,6519.707196,7162.365778,7560.294984,8990.399097,9602.104759,11554.97089,13701.64334,16782.19301,16632.78266,17355.85141,18802.95232,19809.18751,19677.10766,20632.22127,21624.52338,23904.70386,26943.34774,29568.18681,33066.60951,33336.1811,36277.3242,41887.9219
Russian Federation,RUS,"GDP per capita, PPP (current international $)",NY.GDP.PCAP.PP.CD,5465.056152,5914.326172,6825.391602,7361.36377,8037.474609,9254.537109,10226.7666,11822.34668,14912.23438,16648.24219,20163.60938,19389.94141,20490.12695,22798.67383,24303.47266,26073.875,25761.64844,24085.32422,24128.08594,25926.44336,28821.26172,30067.74023,30011.57422,34043.30469,36484.67969
Rwanda,RWA,"GDP per capita, PPP (current international $)",NY.GDP.PCAP.PP.CD,539.0793796,563.704947,616.9980805,674.9441149,762.140617,776.157729,834.5458257,916.9803069,1005.344979,1081.793076,1193.169753,1242.598907,1315.032822,1412.479018,1449.60243,1503.840881,1664.857554,1763.093818,1842.048738,1934.972955,2098.968854,2283.579862,2182.388201,2469.211991,2792.421625
South Asia,SAS,"GDP per capita, PPP (current international $)",NY.GDP.PCAP.PP.CD,1892.180959,2024.373483,2113.339823,2214.554147,2285.668479,2454.506912,2663.580595,2905.621718,3172.746772,3442.148597,3568.440278,3785.495978,4056.729743,4288.040999,4615.655819,4802.953168,4983.361313,5198.516804,5519.281243,5826.932931,6271.209444,6561.123168,6270.025168,7019.517815,7931.137897
Saudi Arabia,SAU,"GDP per capita, PPP (current international $)",NY.GDP.PCAP.PP.CD,38104.05429,36236.23153,38164.99057,37612.28615,36239.67026,40172.81747,43572.48822,46012.76165,46862.72202,47129.53069,49106.00082,46624.80974,47999.00814,53049.873,54696.2153,53883.87883,54356.17015,48173.84451,45602.60398,47551.85952,48861.1878,49018.9099,47278.69302,51406.97637,59065.00464
Sudan,SDN,"GDP per capita, PPP (current international $)",NY.GDP.PCAP.PP.CD,2534.319824,2586.206543,2732.028564,2892.32251,3030.687012,3198.496582,3360.796143,3558.002197,3789.271729,3985.380371,4086.007324,3876.257813,3954.468994,4293.562012,3917.820557,3953.738037,4544.037109,4519.487305,4813.868652,4613.950195,4453.767578,4308.421387,4091.842285,4083.975098,4216.024902
Senegal,SEN,"GDP per capita, PPP (current international $)",NY.GDP.PCAP.PP.CD,1845.144716,1943.17985,2016.430921,2100.1589,2083.42887,2188.880041,2293.924038,2405.907614,2472.756369,2543.524756,2618.327075,2636.115311,2684.494063,2702.261062,2774.647024,2780.113684,2872.119811,3017.350576,3126.431885,3259.19258,3449.84793,3575.974691,3574.016928,3874.945158,4208.964979
Singapore,SGP,"GDP per capita, PPP (current international $)",NY.GDP.PCAP.PP.CD,37557.02522,39943.71835,43775.87265,43104.28273,45080.26634,48774.72472,54377.34385,58814.91445,64054.27086,68793.70978,67718.4183,66212.31751,75389.76818,80052.3915,82064.96119,83001.7878,84423.19134,86974.74762,89495.01545,95334.14557,100642.7522,102630.9331,100226.3685,118887.8221,127564.5566
Solomon Islands,SLB,"GDP per capita, PPP (current international $)",NY.GDP.PCAP.PP.CD,1833.108233,1801.001716,1539.380286,1414.549848,1364.262744,1448.345137,1565.615678,1695.070985,1779.325441,1851.929713,1960.73484,1984.322048,2151.920456,2303.042989,2344.657949,2447.577162,2459.601194,2462.833156,2561.138317,2625.13453,2696.641017,2727.894532,2607.481827,2645.34556,2654.09111
Sierra Leone,SLE,"GDP per capita, PPP (current international $)",NY.GDP.PCAP.PP.CD,649.2918644,641.7794039,683.3500873,617.6212588,749.9219154,804.2633009,850.3681806,891.0598544,937.0499156,1016.499938,1065.10659,1076.47129,1129.798036,1190.098461,1385.227367,1721.257378,1756.728336,1567.982054,1641.301968,1593.515322,1649.036342,1726.069487,1675.212571,1781.930343,1931.067331
El Salvador,SLV,"GDP per capita, PPP (current international $)",NY.GDP.PCAP.PP.CD,4166.602621,4288.42187,4409.2674,4525.771821,4650.60102,4804.175569,4969.753359,5262.382202,5663.816375,5915.484123,6133.068229,6020.707281,6198.251029,6542.94498,6622.574629,6966.572241,7332.904449,7712.372705,8174.474125,8617.921708,9024.051422,9405.70362,8760.296904,10142.55098,11096.2132
San Marino,SMR,"GDP per capita, PPP (current international $)",NY.GDP.PCAP.PP.CD,47910.60172,52165.78583,53658.77317,56843.35565,56596.02823,58623.52918,61871.18163,64439.64094,67933.92514,73713.83913,73952.63184,65973.61114,62015.69867,56456.30009,52759.38334,52290.90193,54688.305,55117.61929,56893.47223,58201.5271,60314.0019,62623.90481,59521.38299,67982.97051,
Somalia,SOM,"GDP per capita, PPP (current international $)",NY.GDP.PCAP.PP.CD,,,,,,,,,,,,,,,,824.8161328,939.6101818,1086.16498,1127.866195,1059.143932,1124.901243,1186.561967,1190.56943,1254.340664,1364.101691
Serbia,SRB,"GDP per capita, PPP (current international $)",NY.GDP.PCAP.PP.CD,5997.438917,5528.760033,6019.914888,6483.012114,7224.61832,7646.134655,8487.645206,9181.688301,10207.72293,11237.49744,12632.08198,12534.66564,12798.15536,13746.91302,13933.83062,14629.02764,14659.61688,14928.43681,15858.01082,16611.04793,17717.99113,19404.92844,19557.57637,21647.32931,23911.20122
Sub-Saharan Africa (excluding high income),SSA,"GDP per capita, PPP (current international $)",NY.GDP.PCAP.PP.CD,2017.15082,2040.167386,2104.279473,2185.489104,2293.42404,2373.116094,2528.558661,2692.028293,2865.697573,3039.597885,3172.593874,3198.232109,3333.559551,3455.989851,3447.649953,3583.037238,3742.221322,3731.14835,3756.278951,3801.189061,3899.247831,3973.463169,3847.13704,4086.996457,4420.943422
South Sudan,SSD,"GDP per capita, PPP (current international $)",NY.GDP.PCAP.PP.CD,,,,,,,,,,,2884.610804,2915.534161,2957.196538,2730.005127,1435.679233,1957.284349,1407.699028,1181.931603,,,,,,,
Sub-Saharan Africa,SSF,"GDP per capita, PPP (current international $)",NY.GDP.PCAP.PP.CD,2018.598979,2041.625569,2105.800348,2186.958295,2294.880301,2374.458422,2529.84371,2693.449951,2867.270231,3041.325035,3174.234189,3199.788143,3335.155916,3457.762066,3449.429841,3584.800713,3744.16982,3733.053583,3758.335272,3803.309387,3901.449787,3975.766373,3849.195396,4089.216009,4423.488813
Small states,SST,"GDP per capita, PPP (current international $)",NY.GDP.PCAP.PP.CD,,,10155.59628,10648.96721,11157.9934,11755.43272,12892.24583,13751.41529,15379.26285,16869.58461,18071.21315,18159.47955,19499.70612,20963.79901,21887.98051,22160.59569,22097.88184,19299.12042,18886.34613,20134.29969,20711.91737,21299.65736,20171.09221,21656.12649,24284.94281
Sao Tome and Principe,STP,"GDP per capita, PPP (current international $)",NY.GDP.PCAP.PP.CD,,,,1819.336919,1864.111147,2006.021776,2079.529625,2230.275781,2441.841524,2536.1062,2680.117236,2698.776936,2849.293522,2972.665478,2930.933075,3290.279644,3782.98004,3805.342338,3862.70804,3934.8942,4083.242693,4183.948508,4286.015397,4471.348805,4738.191722
Suriname,SUR,"GDP per capita, PPP (current international $)",NY.GDP.PCAP.PP.CD,7449.610864,7310.938036,7497.480531,7850.773452,8059.59138,8595.719644,9449.316872,10072.75834,10863.02299,11595.30412,12169.23295,12474.99731,13129.33464,14030.2129,15308.15694,16318.60062,16764.04271,16721.29593,14633.19259,17753.06027,18881.61533,19231.65119,16187.82332,16294.48937,17619.80293
Slovak Republic,SVK,"GDP per capita, PPP (current international $)",NY.GDP.PCAP.PP.CD,10623.25771,10714.17713,11378.75918,12388.36608,13312.20331,14181.82527,15226.41935,16639.39412,18912.80029,21225.06335,23725.85776,23080.81038,25401.74588,26258.82863,26994.05775,28019.05884,29029.07823,30054.12184,29737.5708,30142.36745,31369.79883,33453.29276,32922.07476,34528.65963,37459.47384
Slovenia,SVN,"GDP per capita, PPP (current international $)",NY.GDP.PCAP.PP.CD,16056.41678,17083.25172,18004.68253,18951.82334,20241.52568,21113.45193,22761.05931,23852.64304,25718.7622,27573.64458,29604.29147,27538.01444,27825.47649,28931.38332,29042.82027,29973.69935,30870.02367,31628.24718,33936.04406,36507.55304,38971.82412,42088.73107,40871.82526,43974.21735,50031.65618
Sweden,SWE,"GDP per capita, PPP (current international $)",NY.GDP.PCAP.PP.CD,25888.43883,27471.55827,29623.99119,29933.34453,30926.5056,31816.4701,33858.8045,34244.46502,37727.72488,40910.32369,42158.2957,40279.87701,42221.7582,44608.58026,45432.43197,46312.39238,47184.66913,49103.13343,50430.25282,51947.95425,53521.63064,56404.3002,56140.5524,60126.8165,64578.39633
Eswatini,SWZ,"GDP per capita, PPP (current international $)",NY.GDP.PCAP.PP.CD,4342.432845,4474.756292,4601.886069,4705.425697,4943.393226,5197.04913,5493.801645,5971.67025,6489.393834,6920.100347,7072.527565,7196.137852,7524.310394,7814.518442,8027.305488,8463.334128,8557.265286,8580.639991,8488.449307,8213.920619,8544.515756,8861.814915,8754.786047,9773.14067,10782.15137
Sint Maarten (Dutch part),SXM,"GDP per capita, PPP (current international $)",NY.GDP.PCAP.PP.CD,,,,,,,,,,,,32606.31806,34236.10772,37233.96838,32878.44088,32478.29896,38858.58146,38211.83319,38230.03186,37914.12297,35978.46934,39163.98123,32578.99092,36070.85419,41811.80216
Seychelles,SYC,"GDP per capita, PPP (current international $)",NY.GDP.PCAP.PP.CD,13677.8833,13855.4568,14640.73291,14617.78292,14573.21745,14145.11009,14163.15328,15849.18119,17506.95015,19476.32022,18881.76011,18459.03339,18984.87945,21787.52045,22183.47931,22315.92281,24682.83964,24310.6721,26261.83763,27336.60837,28756.47367,30428.55543,27920.07349,30503.28661,35227.8179
Syrian Arab Republic,SYR,"GDP per capita, PPP (current international $)",NY.GDP.PCAP.PP.CD,,,,,,,,,,,,,,,,,,,,,,,,,
Turks and Caicos Islands,TCA,"GDP per capita, PPP (current international $)",NY.GDP.PCAP.PP.CD,,,,,,,,,,,,,,22996.43067,20573.44595,20801.68195,22273.0244,23730.15895,25190.06425,25207.83169,26182.5858,27033.38156,19509.71181,21803.1454,22914.81194
Chad,TCD,"GDP per capita, PPP (current international $)",NY.GDP.PCAP.PP.CD,811.8594545,789.735094,773.6499304,854.3746237,909.4612937,1022.523506,1342.190968,1560.653018,1562.907046,1602.449609,1626.031801,1646.509959,1828.677828,1804.062929,1734.843414,1569.49404,1672.98072,1816.288184,1660.984878,1579.7606,1601.132445,1628.242767,1572.601587,1572.973628,1668.022961
East Asia & Pacific (IDA & IBRD countries),TEA,"GDP per capita, PPP (current international $)",NY.GDP.PCAP.PP.CD,2903.011426,3081.263031,3347.770561,3610.581356,3911.403217,4289.97162,4748.763856,5314.326389,5998.956833,6830.409739,7475.459302,8020.100729,8828.564885,9681.785518,10483.68915,11074.18792,11584.99715,11909.37907,12433.8621,13113.36422,14195.56842,15186.51365,15437.39562,17199.27147,19028.14255
Europe & Central Asia (IDA & IBRD countries),TEC,"GDP per capita, PPP (current international $)",NY.GDP.PCAP.PP.CD,5768.11843,5974.102165,6618.9133,6996.286409,7494.655586,8201.918363,9147.267366,10162.77347,12011.79527,13395.63277,15269.90108,14882.95203,15922.14736,17517.82627,18514.63505,19776.43853,20193.68849,19966.61581,20526.80944,21850.18764,23384.27486,24453.60953,24344.60953,26974.32777,30183.16695
Togo,TGO,"GDP per capita, PPP (current international $)",NY.GDP.PCAP.PP.CD,1303.71243,1316.02847,1297.945854,1302.386711,1337.907298,1418.538761,1404.985341,1346.022786,1384.891425,1365.325809,1407.326987,1453.634814,1519.688182,1607.271891,1630.815193,1696.117351,1767.917521,1860.734811,1915.58503,1972.697196,2072.749612,2161.053625,2179.75656,2357.677717,2607.927681
Thailand,THA,"GDP per capita, PPP (current international $)",NY.GDP.PCAP.PP.CD,6565.351326,6884.527656,7281.412781,7631.319331,8153.46134,8835.846909,9564.791425,10198.16013,10952.19941,11769.52507,12111.37185,12018.17363,12988.92968,13284.11978,14586.90662,15090.09836,15143.39573,15466.76063,16231.25449,17008.03842,18093.81978,18760.4124,17810.25075,18855.02327,20671.68492
Tajikistan,TJK,"GDP per capita, PPP (current international $)",NY.GDP.PCAP.PP.CD,907.7840103,949.5813386,1037.940571,1138.362831,1254.931486,1392.633868,1547.459263,1671.472877,1810.151505,1967.564156,2123.474867,2177.629401,2299.875848,2468.581349,2722.167006,2999.224713,3273.932495,3124.539399,3092.853611,3236.439344,3486.974503,3726.91382,3856.501523,4315.032204,4885.125701
Turkmenistan,TKM,"GDP per capita, PPP (current international $)",NY.GDP.PCAP.PP.CD,3415.071547,3972.272296,4220.621266,4439.092931,4458.432461,4635.825383,4935.246741,5675.739801,6403.447605,7200.813412,8293.641207,8717.714297,9475.02067,10901.52652,11635.79462,12295.33444,13022.10516,13213.05015,13375.22898,13703.51272,14665.42816,15628.45773,,,
Latin America & the Caribbean (IDA & IBRD countries),TLA,"GDP per capita, PPP (current international $)",NY.GDP.PCAP.PP.CD,8251.591802,8237.412132,8604.235162,8723.371086,8759.697559,8995.991023,9676.699632,10305.13961,11194.19604,12005.08764,12627.65941,12418.12798,13216.10483,14092.79339,14385.66839,14874.21577,15198.36448,14988.22459,15239.31255,15881.88954,16365.14506,16582.92373,15608.72821,17173.78392,19000.16066
Timor-Leste,TLS,"GDP per capita, PPP (current international $)",NY.GDP.PCAP.PP.CD,,,1257.999466,1472.091113,1369.343518,1340.7191,1354.063223,1403.639836,1352.121247,1493.924259,1657.448304,1798.551939,1948.027903,2060.57727,2335.90916,2465.502055,2696.941049,2889.809002,3117.111997,3138.438823,3144.63261,3896.32084,5128.549906,5553.054394,4828.32547
Middle East & North Africa (IDA & IBRD countries),TMN,"GDP per capita, PPP (current international $)",NY.GDP.PCAP.PP.CD,6513.328275,6790.976409,7254.219065,7479.455136,7717.087389,7883.626551,8566.864569,9034.058153,9608.859376,10281.70628,10631.01669,10737.46302,11211.75294,11217.12296,11424.68904,11267.47557,10918.12169,10256.2446,10317.35475,10761.6285,11024.78693,11155.8052,10876.36719,11692.97141,12837.79069
Tonga,TON,"GDP per capita, PPP (current international $)",NY.GDP.PCAP.PP.CD,3247.662213,3394.242789,3480.354869,3670.46658,3886.024899,4030.650193,4015.001704,4120.838749,4219.427702,4326.951885,4606.718868,4386.505826,4464.931535,4858.141603,4994.812566,5117.803074,5341.840873,5484.438821,5926.576629,6257.089734,6439.157782,6613.495736,6713.152994,6778.503569,
South Asia (IDA & IBRD),TSA,"GDP per capita, PPP (current international $)",NY.GDP.PCAP.PP.CD,1892.180959,2024.373483,2113.339823,2214.554147,2285.668479,2454.506912,2663.580595,2905.621718,3172.746772,3442.148597,3568.440278,3785.495978,4056.729743,4288.040999,4615.655819,4802.953168,4983.361313,5198.516804,5519.281243,5826.932931,6271.209444,6561.123168,6270.025168,7019.517815,7931.137897
Sub-Saharan Africa (IDA & IBRD countries),TSS,"GDP per capita, PPP (current international $)",NY.GDP.PCAP.PP.CD,2018.598979,2041.625569,2105.800348,2186.958295,2294.880301,2374.458422,2529.84371,2693.449951,2867.270231,3041.325035,3174.234189,3199.788143,3335.155916,3457.762066,3449.429841,3584.800713,3744.16982,3733.053583,3758.335272,3803.309387,3901.449787,3975.766373,3849.195396,4089.216009,4423.488813
Trinidad and Tobago,TTO,"GDP per capita, PPP (current international $)",NY.GDP.PCAP.PP.CD,11624.7849,12691.5232,13821.25432,14651.77087,15972.84861,18535.80753,20431.46573,22251.32613,25819.63035,27618.80225,28937.28429,27677.08431,28753.68792,29064.31237,29755.40686,29579.31296,29782.12719,27660.74158,25968.17199,26213.92451,26148.71303,26379.90104,24701.55063,25420.52498,27778.1806
Tunisia,TUN,"GDP per capita, PPP (current international $)",NY.GDP.PCAP.PP.CD,5500.896397,5849.127168,6196.743385,6509.908138,6632.818604,7012.839785,7576.978017,8012.211589,8613.620208,9353.557873,9843.913324,10109.96028,10428.54143,10297.42359,10416.94644,10438.94787,10671.9324,10471.21333,10634.50162,10874.94689,11312.23929,11585.15218,10602.52127,11471.45702,12489.71807
Turkiye,TUR,"GDP per capita, PPP (current international $)",NY.GDP.PCAP.PP.CD,8969.441102,8649.614773,9499.571644,9156.526738,9281.087739,9587.557951,10854.4422,11863.85563,13580.72937,14799.37364,15977.79327,15402.87017,17333.20043,19604.09771,20599.64838,22248.05374,23817.97178,25392.28737,26122.1133,27582.83235,27802.54778,27708.43079,27724.38862,30452.09672,37273.69976
Tuvalu,TUV,"GDP per capita, PPP (current international $)",NY.GDP.PCAP.PP.CD,2496.839553,2490.876917,2523.11103,2584.514219,2878.365233,2790.423016,2765.030458,2685.904834,2802.943516,3048.1503,3274.039767,3048.721137,2976.19162,3199.673671,3144.911777,3319.533621,3387.500376,3785.429926,4049.092499,4236.403023,4383.45247,5036.653169,4834.397142,5080.764376,5421.252775
Tanzania,TZA,"GDP per capita, PPP (current international $)",NY.GDP.PCAP.PP.CD,1074.710693,1113.147217,1156.62793,1220.888062,1293.652222,1370.328247,1472.281006,1587.423706,1695.14209,1807.446411,1894.538574,1957.614746,2052.958496,2193.044434,2067.22168,2160.780029,2206.361084,2301.802734,2418.739014,2457.618408,2571.166992,2687.116455,2694.42627,2850.612793,3096.884521
Uganda,UGA,"GDP per capita, PPP (current international $)",NY.GDP.PCAP.PP.CD,1035.657787,1098.687716,1123.109496,1171.717419,1254.29859,1320.012354,1405.512288,1497.231228,1660.760428,1795.67184,1932.104554,2017.066703,2094.433582,2271.727824,2030.650958,2038.312988,2121.454381,2171.237146,2141.124329,2128.396869,2239.481676,2345.44067,2365.988411,2478.824101,2693.815286
Ukraine,UKR,"GDP per capita, PPP (current international $)",NY.GDP.PCAP.PP.CD,3811.875977,3894.403809,4260.276855,4789.681641,5172.960449,5824.124512,6736.79541,7214.111816,8054.040039,9004.879883,9434.435547,8093.555664,8559.929688,9246.769531,9705.358398,11111.05176,10743.58594,10164.32715,11148.19629,11860.56055,12633.51367,13348.02832,13102.7959,14289.04004,12671.23926
Upper middle income,UMC,"GDP per capita, PPP (current international $)",NY.GDP.PCAP.PP.CD,4545.648254,4723.761003,5107.513808,5365.564693,5660.566879,6061.987528,6678.095366,7375.120899,8321.876972,9277.666188,10158.18505,10458.4868,11370.0783,12367.26914,13168.38543,13859.19313,14308.81981,14372.7248,14809.05835,15586.79804,16645.12247,17473.98506,17413.08582,19403.68723,21487.64165
Uruguay,URY,"GDP per capita, PPP (current international $)",NY.GDP.PCAP.PP.CD,10922.45637,10853.75585,10841.59098,10631.54923,9945.823793,10212.17121,10999.10049,12176.09356,13048.08388,14250.00278,15530.64543,16254.33213,17688.37794,18937.2042,19290.29345,20445.55621,21645.11895,21948.7664,22618.69178,23384.74019,23950.39333,24551.74617,23309.78652,25663.41061,28841.9857
United States,USA,"GDP per capita, PPP (current international $)",NY.GDP.PCAP.PP.CD,32853.67695,34515.39023,36329.95607,37133.62311,37997.75966,39490.27496,41724.63163,44123.40707,46302.00088,48050.22378,48570.04598,47194.94335,48650.64313,50065.9665,51784.41857,53291.12769,55123.84979,56762.72945,57866.74493,59907.75426,62823.30944,65120.39466,63528.6343,70219.47245,76398.59174
Uzbekistan,UZB,"GDP per capita, PPP (current international $)",NY.GDP.PCAP.PP.CD,2426.096414,2538.566618,2658.59476,2796.062943,2916.560149,3064.139926,3341.986737,3643.700878,3987.066407,4419.361874,4832.601604,5167.211472,5469.980737,5844.807562,6061.947154,6302.647244,6494.859941,6680.184701,6796.904892,6840.70986,7289.329501,7717.744117,7822.661958,8607.52745,9532.511865
St. Vincent and the Grenadines,VCT,"GDP per capita, PPP (current international $)",NY.GDP.PCAP.PP.CD,5973.201729,6230.82997,6486.787936,6759.10586,7243.330309,7904.353819,8488.03186,9017.298375,10000.92025,10670.24973,10969.18328,10934.52636,10622.68745,10837.63989,11052.90857,11694.77549,12199.75585,12425.47784,13530.46677,13575.44917,14379.75726,14784.76658,14457.85563,15265.05475,17206.7869
"Venezuela, RB",VEN,"GDP per capita, PPP (current international $)",NY.GDP.PCAP.PP.CD,11946.8376,11171.7256,11622.6067,12064.37702,10968.66769,10137.17807,12103.94211,13543.36548,15094.29176,16600.11919,17550.80994,16859.8308,16581.81882,17402.27566,,,,,,,,,,,
British Virgin Islands,VGB,"GDP per capita, PPP (current international $)",NY.GDP.PCAP.PP.CD,,,,,,,,,,,,,,,,,,,,,,,,,
Virgin Islands (U.S.),VIR,"GDP per capita, PPP (current international $)",NY.GDP.PCAP.PP.CD,,,,,,,,,,,,,,,,,,,,,,,,,
Viet Nam,VNM,"GDP per capita, PPP (current international $)",NY.GDP.PCAP.PP.CD,2253.395352,2363.732271,2552.682566,2743.48041,2932.062856,3163.509242,3457.79179,3797.045441,4146.951612,4519.044628,4819.011148,5059.341953,5391.168621,5793.929381,6364.978023,6724.635498,7240.73594,7595.686738,8277.684129,9050.688534,9867.667881,10686.80405,11036.00053,11727.79573,13456.55143
Vanuatu,VUT,"GDP per capita, PPP (current international $)",NY.GDP.PCAP.PP.CD,2036.169356,2023.810833,2139.302078,2059.981741,1933.378851,2005.160665,2089.037227,2214.53629,2417.246832,2493.326283,2619.162617,2651.00383,2652.84197,2728.065774,2741.502519,2736.276785,2806.791359,2778.249817,2867.340123,3031.243172,3118.301296,3200.623455,3008.551637,3090.227958,3289.479668
World,WLD,"GDP per capita, PPP (current international $)",NY.GDP.PCAP.PP.CD,7297.865555,7552.875693,8008.686554,8285.930909,8570.118394,8941.085667,9543.983685,10152.64386,10978.61449,11741.90632,12280.44826,12230.27521,12877.85985,13563.49863,14089.47554,14590.841,14956.23882,15094.40576,15520.99011,16169.68987,16974.69703,17628.44277,17219.30273,18780.78037,20645.48356
Samoa,WSM,"GDP per capita, PPP (current international $)",NY.GDP.PCAP.PP.CD,2768.720999,2840.347758,3022.823053,3292.118858,3511.576727,3751.25825,3957.512437,4339.839031,4550.966786,4669.574124,4894.735664,4864.196573,5184.006698,5448.406558,5295.363088,5344.899043,5431.388279,5646.187146,6098.966116,6238.904021,6287.229435,6615.408449,6402.053278,6106.783702,6041.156661
Kosovo,XKX,"GDP per capita, PPP (current international $)",NY.GDP.PCAP.PP.CD,,,,,,,,,,,6545.420726,6863.69132,7230.997719,7780.594464,8039.207976,8383.397311,8649.449499,9357.135136,10007.68923,10436.16885,11013.72807,11798.49139,11306.22556,13113.69594,14723.40493
"Yemen, Rep.",YEM,"GDP per capita, PPP (current international $)",NY.GDP.PCAP.PP.CD,2558.41861,2617.157003,2763.469847,2854.337844,2933.641255,3022.45206,3142.122148,3327.609613,3435.021444,3536.904858,3626.125524,3679.949027,3895.22361,3370.915185,3258.192678,3437.429536,,,,,,,,,
South Africa,ZAF,"GDP per capita, PPP (current international $)",NY.GDP.PCAP.PP.CD,7523.430932,7726.200459,8154.200276,8487.529555,8857.792814,9213.44244,9799.580741,10540.13714,11364.20166,12172.91425,12658.03424,12394.93436,12771.91051,13281.50389,13138.02985,13559.84057,13556.03282,13581.75528,13696.16357,13950.45348,14326.65026,14439.69412,13533.77625,14689.15375,15904.84836
Zambia,ZMB,"GDP per capita, PPP (current international $)",NY.GDP.PCAP.PP.CD,1619.370137,1674.11347,1730.228182,1808.279115,1861.439087,1968.253839,2095.534953,2242.108832,2409.243466,2587.957949,2742.914871,2909.726342,3136.322798,3267.408278,3357.738371,3506.394962,3463.420045,3352.524885,3322.578918,3395.479686,3508.310756,3515.384644,3361.978869,3571.661386,3894.310259
Zimbabwe,ZWE,"GDP per capita, PPP (current international $)",NY.GDP.PCAP.PP.CD,2299.395445,2279.549784,2237.30346,2305.776957,2120.32707,1781.158997,1710.70538,1654.894658,1632.78353,1600.065026,1331.942094,1486.267367,1804.037248,2080.611511,2349.028207,2522.038125,2561.728795,2615.090299,2724.452746,2331.780833,2457.309859,2296.845429,2101.804597,2333.973632,2530.645987