country_name,eci_rank1998,eci1998,gini1998,eci_rank1999,eci1999,gini1999,eci_rank2000,eci2000,gini2000,eci_rank2001,eci2001,gini2001,eci_rank2002,eci2002,gini2002,eci_rank2003,eci2003,gini2003,eci_rank2004,eci2004,gini2004,eci_rank2005,eci2005,gini2005,eci_rank2006,eci2006,gini2006,eci_rank2007,eci2007,gini2007,eci_rank2008,eci2008,gini2008,eci_rank2009,eci2009,gini2009,eci_rank2010,eci2010,gini2010,eci_rank2011,eci2011,gini2011,eci_rank2012,eci2012,gini2012,eci_rank2013,eci2013,gini2013,eci_rank2014,eci2014,gini2014,eci_rank2015,eci2015,gini2015,eci_rank2016,eci2016,gini2016,eci_rank2017,eci2017,gini2017,eci_rank2018,eci2018,gini2018,eci_rank2019,eci2019,gini2019,eci_rank2020,eci2020,gini2020,incpp1998,incpp1999,incpp2000,incpp2001,incpp2002,incpp2003,incpp2004,incpp2005,incpp2006,incpp2007,incpp2008,incpp2009,incpp2010,incpp2011,incpp2012,incpp2013,incpp2014,incpp2015,incpp2016,incpp2017,incpp2018,incpp2019,incpp2020
Afghanistan,,,0,,,0,,,0,,,0,,,0,,,0,,,0,,,0,,,0,,,0,,,0,,,0,,,0,,,0,,,0,,,0,,,0,,,0,,,0,,,0,,,0,120,-1.302367,0,118,-1.2603886,0,0,0,0,0,943.116265,970.6451147,971.8110235,1075.671373,1120.893128,1287.0644,1336.210339,1575.316779,1771.197985,1749.936995,1958.447627,2062.059176,2110.829568,2128.125938,2023.834656,2096.093111,2110.239384,2168.133765,2078.595086
Albania,,,0,,,0,,,0,,,0,,,31.700001,,,0,,,0,,,30.6,,,0,,,0,57,0.11562569,30,39,0.49012744,0,43,0.41087556,0,54,0.182004,0,77,-0.41593057,29,76,-0.33739296,0,76,-0.26546013,34.599998,80,-0.36621195,32.799999,78,-0.38452804,33.700001,83,-0.43946368,33.099998,75,-0.36294252,30.1,80,-0.45100826,30.1,78,-0.41379714,29.4,3021.179604,3471.646616,3861.333006,4300.222735,4661.402695,5000.295651,5427.767129,5865.291354,6565.633374,7284.166538,8228.354576,8813.51676,9628.640112,10207.75946,10526.25011,10570.96604,11259.30368,11658.8949,12078.79933,12770.99186,13498.18461,14407.43765,14064.03861
Algeria,73,-1.094947,0,84,-1.2897874,0,88,-1.385478,0,90,-1.2348164,0,92,-1.2572503,0,90,-1.2452108,0,94,-1.1496191,0,97,-1.222392,0,101,-1.2477897,0,108,-1.2755361,0,113,-1.2833705,0,114,-1.4484117,0,116,-1.550518,0,119,-1.3543273,27.6,125,-1.7167007,0,125,-1.5438044,0,127,-1.6088753,0,120,-1.3330818,0,119,-1.3824943,0,117,-1.2010298,0,114,-1.1809967,0,113,-1.1930481,0,106,-1.0306108,0,7878.206579,8130.387872,8510.359279,8840.674165,9354.221725,10088.08677,10653.34303,11478.02805,11861.16606,12392.50592,12714.16166,12768.99372,13141.12026,13543.59872,13347.3628,13104.7371,13058.12457,12071.81418,11685.45142,11809.48303,12007.77471,12120.40637,11452.22662
Angola,84,-1.4397331,0,92,-2.0006032,0,96,-2.1451972,52,101,-1.8126707,0,103,-1.919562,0,102,-1.9540637,0,103,-1.545599,0,102,-1.4123887,0,110,-1.7792218,0,113,-1.7169853,0,120,-1.8883891,42.700001,113,-1.4464614,0,111,-1.1983093,0,100,-0.86591589,0,119,-1.3908858,0,116,-1.1870438,0,122,-1.3109956,0,121,-1.3565925,0,118,-1.3638707,0,119,-1.3327894,0,120,-1.2667538,51.299999,117,-1.2293599,0,105,-1.0138222,0,3210.082309,3220.724746,3285.953416,3388.148688,3782.892225,3839.572827,4223.637787,4835.669522,5364.437663,6056.779187,6615.114983,6471.284879,6586.465819,6700.1141,7389.31496,7643.921944,8123.048065,7274.090475,7027.146634,7216.061373,7043.95536,6882.279123,6367.437317
Argentina,36,0.24992727,50.700001,37,0.24530983,49.799999,37,0.26245704,51.099998,39,0.23737362,53.299999,47,0.11321966,53.799999,46,0.085745998,50.900002,45,0.12509188,48.400002,50,0.048533041,47.700001,48,0.17146558,46.299999,52,0.19970407,46.200001,52,0.23265749,44.900002,51,0.22903831,43.700001,53,0.21082425,43.599998,56,0.14319806,42.599998,54,0.15070412,41.299999,56,0.21175353,40.900002,57,0.20172703,41.599998,56,0.15129933,0,60,0.049933374,42,60,-0.0095824,41.099998,62,-0.048137512,41.299999,64,-0.11542335,42.900002,64,-0.16604525,42.299999,11880.48063,11506.69888,11542.986,11159.32992,9990.720222,10974.32417,12162.33747,13513.67029,14896.73354,16510.44824,17336.93282,16249.73013,18063.91434,19322.22712,19641.35286,20131.68042,19683.77151,20105.19899,20307.87005,23597.11775,23294.09868,23007.83659,20787.85787
Armenia,,,0,,,36.200001,,,0,,,35.400002,,,34.799999,,,33,,,37.5,,,36,,,29.700001,,,31.200001,,,29.200001,,,28,,,30,,,29.4,,,29.6,50,0.30756369,30.6,50,0.25096154,31.5,52,0.18874,32.400002,61,0.045735035,32.5,64,-0.059520699,33.599998,68,-0.1913062,34.400002,74,-0.33047739,30,68,-0.2756165,25.1,2217.057854,2347.5021,2572.42082,2915.455786,3382.060324,3958.329986,4518.262746,5339.901702,6274.028207,7380.23154,8097.305007,7045.330725,7331.386504,7881.771735,9267.397006,9822.947441,10114.93984,10132.31898,10966.85333,12509.63961,13549.52242,14924.77693,14105.91125
Australia,28,0.61552393,0,31,0.50369662,0,33,0.43064067,0,40,0.22398847,33.5,46,0.12330597,0,44,0.15010662,33.5,48,0.043780051,33.099998,51,0.040561352,0,57,-0.059950933,0,63,-0.057311304,0,68,-0.097494222,35.400002,69,-0.20942234,0,74,-0.32445985,34.700001,78,-0.44384462,0,73,-0.32636592,0,77,-0.35598353,0,83,-0.36688983,34.400002,89,-0.49138317,0,82,-0.46435583,33.700001,82,-0.43158874,0,85,-0.51096708,34.299999,82,-0.50569427,0,83,-0.54783499,0,24377.41786,25468.21831,26521.0784,27626.05997,29016.67834,30106.2907,31746.53245,33018.16322,34822.97516,36628.96879,37517.85385,40306.64278,39363.61806,42018.11794,42847.29675,45907.75468,46882.18557,46251.40868,47249.43482,48400.24579,50192.95733,51909.0151,53066.49099
Austria,8,1.4928491,31.299999,8,1.504259,29.700001,8,1.5194979,29,8,1.6060215,0,8,1.6403896,0,8,1.6203704,29.5,7,1.6866971,29.799999,7,1.6645021,28.700001,8,1.6435364,29.6,7,1.5603487,30.6,7,1.5336313,30.4,9,1.5364474,31.5,9,1.5869001,30.299999,9,1.6255733,30.799999,10,1.5834209,30.5,10,1.5739201,30.799999,9,1.6009521,30.5,9,1.5972903,30.5,9,1.5717521,30.799999,8,1.6043422,29.700001,7,1.5928817,30.799999,7,1.6273394,30.200001,7,1.6262045,29.799999,26675.65024,27606.48303,29381.68488,29708.49357,31178.69333,32145.87051,33774.01809,35013.71404,37659.73297,39435.60574,41316.22518,40918.5201,42007.29375,44452.73275,46457.34578,47922.04912,48799.71547,49865.90394,52684.01711,54172.98679,56937.94428,59704.22338,57258.69023
Azerbaijan,,,0,,,0,,,0,59,-0.23915747,36.5,62,-0.44204208,25.299999,69,-0.56891489,26.799999,75,-0.66009623,26.6,77,-0.61039871,26.6,88,-0.70541734,0,90,-0.6687656,0,109,-1.1693257,0,112,-1.2936965,0,112,-1.2729309,0,96,-0.79185915,0,101,-0.86628586,0,109,-0.95420486,0,113,-0.95857739,0,98,-0.68857539,0,98,-0.79521137,0,98,-0.75239682,0,104,-0.89413255,0,105,-0.97526538,0,98,-0.87615931,0,2779.615527,3000.925057,3381.66621,3770.852287,4159.940563,4639.794426,5159.859411,6740.424063,9243.497646,11732.84149,12969.20038,13972.59478,14678.77374,14804.57445,15957.71885,17188.94551,17443.87826,14938.40113,14371.02274,14121.40694,14551.20011,15054.54461,14495.65697
Bangladesh,87,-1.7610517,0,89,-1.6592251,0,87,-1.3289126,33.400002,93,-1.3429097,0,91,-1.2326133,0,94,-1.3211406,0,96,-1.1979603,0,94,-1.0796239,33.200001,96,-1.0457072,0,94,-0.74196106,0,95,-0.69926965,0,95,-0.72933918,0,105,-0.96101695,32.099998,107,-0.97091097,0,109,-1.003783,0,108,-0.9448548,0,104,-0.791619,0,106,-0.81559491,0,99,-0.79679465,32.400002,102,-0.86040074,0,102,-0.80793375,0,97,-0.75976533,0,97,-0.87468082,0,1431.061897,1490.19028,1574.33157,1659.711356,1717.970062,1803.138153,1916.452038,2074.011585,2253.209817,2451.542213,2625.406359,2751.217878,2906.05192,3119.929973,3493.922821,3734.725651,3997.286701,4216.719739,4558.563895,4830.776083,5247.694707,5699.078147,5904.567375
Belarus,24,0.69228393,32,26,0.64141315,31.700001,30,0.59457296,31.200001,31,0.55502945,30.6,30,0.6358586,30.299999,26,0.73921245,28.799999,25,0.78678983,26.5,25,0.81951499,27.6,25,0.81384921,28.299999,23,0.89869368,29.6,26,0.85105324,27.799999,27,0.85486227,27.700001,28,0.83006018,28.6,28,0.89589399,27.200001,30,0.81930041,26.5,30,0.85805076,26.6,32,0.81693614,27.200001,31,0.82003224,25.6,32,0.72249299,25.299999,33,0.71069902,25.4,31,0.80483598,25.200001,31,0.80839908,25.299999,31,0.84103441,24.4,5066.942837,5337.01584,5801.75813,6244.747744,6704.592279,7369.845906,8491.894839,9647.121181,11006.45591,12332.50292,13898.99968,14050.57156,15361.83171,16563.20141,18105.28672,18994.19019,19007.99732,18095.70342,17785.9432,18356.06606,19430.90921,20106.06891,20317.23192
Belgium,,,0,11,1.257605,0,12,1.1911645,33.099998,13,1.303511,0,16,1.2697431,0,16,1.2345345,28.1,16,1.1873305,30.5,17,1.1185488,29.299999,19,1.0914387,28.1,19,1.0820087,29.200001,19,1.077387,28.4,19,1.1005625,28.6,19,1.1475177,28.4,18,1.1704106,28.1,18,1.2044829,27.5,18,1.2380841,27.700001,18,1.2025428,28.1,17,1.2482467,27.700001,19,1.1959074,27.6,19,1.2180812,27.4,18,1.2141166,27.200001,19,1.2053317,27.200001,22,1.1320174,26,24369.48672,25440.84119,27789.94355,28793.61105,30282.28865,30934.4414,32063.26079,33177.89095,35256.92838,36795.84715,37883.33194,37749.90919,39838.04051,40942.37271,42290.76205,43671.11959,44929.68559,46200.90445,48597.39998,50442.27054,52530.56208,55804.81892,54569.92539
Benin,,,0,,,0,,,0,,,0,,,0,,,38.599998,,,0,,,0,,,0,,,0,,,0,,,0,,,0,,,43.400002,,,0,,,0,99,-0.66177678,0,108,-0.85695821,47.799999,,,0,,,0,,,37.900002,,,0,,,0,1584.965406,1642.173165,1724.54671,1802.324598,1858.766765,1902.502923,1979.292899,2011.396677,2090.284255,2210.79271,2294.869878,2294.602793,2302.687791,2350.356452,2427.432659,2590.925045,2745.858612,2792.609645,2901.264671,2933.837384,3113.254929,3290.307202,3364.973218
Bolivia,,,0,,,58.099998,,,61.599998,70,-0.57139331,57.400002,82,-0.8440901,59.299999,82,-0.87737703,0,85,-0.86655205,55,96,-1.1392188,58.5,93,-0.92728353,56.700001,98,-0.86470681,54.5,92,-0.66992903,50.799999,97,-0.77519184,49.200001,97,-0.84535879,0,108,-0.98631179,46.099998,91,-0.59180707,46.599998,97,-0.6409542,47.599998,96,-0.63133579,47.799999,112,-0.98757464,46.700001,111,-1.0297425,45.200001,111,-1.0803169,44.599998,113,-1.1076337,42.599998,106,-0.99344563,41.599998,111,-1.0754194,43.599998,3267.226137,3267.432226,3364.024366,3436.37487,3514.591376,3617.40341,3802.810904,4025.109046,4273.038123,4509.210554,4794.6037,4902.610577,5079.382721,5363.987903,5814.070135,6500.876807,6920.778861,6992.127581,7345.826841,8244.933446,8669.827849,8890.462954,8110.114756
Bosnia and Herzegovina,,,0,,,0,,,0,,,30,,,0,,,0,,,34,39,0.34465075,0,45,0.25821224,0,46,0.37417254,33.099998,44,0.40301615,0,44,0.4184351,0,45,0.34129521,0,43,0.40037394,33,45,0.32244366,0,45,0.3663862,0,45,0.37747356,0,48,0.33464757,0,42,0.43768781,0,46,0.35478908,0,43,0.45213315,0,42,0.48681897,0,40,0.52566171,0,3270.700345,3601.9815,4127.638087,4290.625762,4653.131647,4911.659964,5405.608803,5959.024831,6878.345574,7696.151728,8595.825651,8698.947153,9089.136145,9758.0219,10109.40069,10788.26808,11148.38783,11826.06601,12869.7684,13582.18475,14801.263,16118.6668,15860.10452
Botswana,,,0,,,0,,,0,67,-0.51434284,0,66,-0.47582692,64.699997,63,-0.40763292,0,76,-0.6843136,0,89,-0.92648304,0,95,-1.0107836,0,99,-0.89805859,0,100,-0.86327052,0,90,-0.57215172,60.5,77,-0.3974933,0,84,-0.49517086,0,87,-0.53181231,0,84,-0.43270293,0,90,-0.43962252,0,93,-0.51706105,53.299999,95,-0.68716395,0,88,-0.58582854,0,97,-0.72435164,0,89,-0.57584357,0,89,-0.64197391,0,8023.186325,8733.650018,8922.18535,8964.661185,9478.370607,9936.89142,10298.09379,10907.14135,11957.32781,12739.03914,13136.16904,11119.57606,12139.49853,12976.26068,12069.46877,12833.27836,14338.57408,13420.5066,15277.04232,14656.77299,15321.7802,15759.16223,14303.93611
Brazil,25,0.68862993,59.599998,27,0.64048421,59,26,0.6759907,0,29,0.63246197,58.400002,31,0.56428027,58.099998,31,0.58397716,57.599998,30,0.60253978,56.5,33,0.53415763,56.299999,34,0.55089599,55.599998,34,0.63551849,54.900002,39,0.53183955,54,40,0.47086921,53.700001,36,0.48850721,0,45,0.39546561,52.900002,38,0.47168544,53.400002,42,0.45464626,52.700001,43,0.4633899,52,42,0.46047723,51.900002,46,0.34006867,53.299999,45,0.36501119,53.299999,45,0.37840179,53.900002,45,0.3379266,53.5,46,0.22724572,48.900002,8503.697887,8541.710725,8994.743062,9202.876484,9510.823883,9693.555482,10407.83935,10954.86026,11614.49854,12522.51594,13281.07439,13222.74888,14254.51977,14989.15778,14994.34347,15535.72377,15664.80174,14692.63231,14208.16111,14477.86177,14971.05467,15307.94124,14900.10422
Bulgaria,37,0.23619619,0,39,0.19271049,0,40,0.17984387,0,43,0.19094367,0,41,0.21276751,0,41,0.18786475,0,42,0.21921521,0,43,0.23354615,0,44,0.25974259,35.700001,44,0.40640283,36.099998,43,0.42304644,33.599998,45,0.37836948,33.799999,42,0.44276142,35.700001,41,0.43401685,34.299999,39,0.45835641,36,38,0.58451909,36.599998,39,0.59537983,37.400002,37,0.60412639,38.599998,37,0.55812931,40.599998,41,0.52158761,40.400002,39,0.54907107,41.299999,41,0.54437041,40.299999,42,0.51433355,40.5,6177.940847,5807.791822,6422.832771,6960.083304,7786.448422,8417.38546,9201.565675,10291.42387,11406.48595,12820.80999,14346.89554,14181.94966,14956.35731,15747.0796,16327.85847,16647.00987,17616.95407,18391.89681,20074.26479,21469.97089,23016.0668,25170.216,25296.07094
Burkina Faso,,,49.900002,,,0,,,0,,,0,,,0,,,43.299999,,,0,,,0,,,0,,,0,,,0,,,39.799999,,,0,121,-1.4425008,0,118,-1.370169,0,124,-1.5106256,0,118,-1.1828293,35.299999,119,-1.3155874,0,117,-1.348884,0,122,-1.5131495,0,124,-1.5750829,43,128,-1.6204649,0,122,-1.4527271,0,840.9844308,889.501251,899.5848205,951.314407,977.6685185,1041.898563,1083.249313,1176.357297,1248.873042,1295.467117,1356.372196,1364.895645,1454.578747,1536.808944,1568.066859,1629.317836,1637.928051,1657.916107,1833.433053,1978.155012,2100.530924,2199.552506,2211.01144
Cambodia,,,0,,,0,,,0,94,-1.3607037,0,97,-1.4508342,0,96,-1.5381249,0,102,-1.4855235,0,106,-1.5126925,0,104,-1.4006417,0,104,-1.1105069,0,104,-0.99081105,0,104,-0.98194486,0,107,-1.026194,0,104,-0.92911774,0,104,-0.92051339,0,112,-1.0357219,0,97,-0.64132881,0,85,-0.42428541,0,86,-0.49642614,0,79,-0.40684614,0,83,-0.47828269,0,87,-0.56016117,0,90,-0.68962348,0,870.339453,975.5210426,1077.41477,1170.276239,1244.16096,1352.309266,1505.284011,1727.637369,1938.931468,2156.770173,2306.693651,2288.718256,2418.836055,2605.489544,2867.537377,3051.001466,3198.673549,3411.577267,3708.369109,3972.724164,4319.01589,4653.630366,4515.709506
Cameroon,88,-1.7859979,0,90,-1.8090559,0,93,-1.7214812,0,99,-1.5903075,42.099998,93,-1.2596887,0,89,-1.1337181,0,93,-1.1250296,0,105,-1.4793733,0,107,-1.4914174,0,107,-1.2620187,42.799999,107,-1.0975653,0,106,-0.99890196,0,102,-0.91598892,0,98,-0.81265098,0,107,-0.95160419,0,105,-0.83371979,0,108,-0.86432737,46.599998,97,-0.65064627,0,91,-0.58960479,0,104,-0.89006841,0,108,-1.0561565,0,112,-1.1748638,0,113,-1.1669699,0,1951.600648,2014.298885,2083.234248,2164.670413,2236.100696,2339.840649,2502.379084,2567.223587,2673.563213,2786.085597,2838.695078,2848.329956,2882.7507,2957.163456,3022.358011,3194.162032,3369.32489,3437.789826,3559.13512,3691.094724,3822.232765,3915.827499,3870.829433
Canada,17,0.96697789,33.200001,19,0.91526729,33.099998,23,0.83123159,33.400002,22,0.86400813,33.599998,24,0.82072443,33.599998,25,0.79341376,33.799999,26,0.77216923,33.799999,28,0.71065289,33.599998,28,0.6986928,34.099998,35,0.63030988,33.799999,38,0.55349344,33.900002,37,0.49596119,34,40,0.45456085,33.599998,38,0.55550301,32.700001,37,0.56158328,33.5,37,0.58875442,33.799999,37,0.60788548,33.200001,39,0.54432994,33.700001,41,0.45557597,32.700001,39,0.54963619,33.299999,41,0.53333247,32.5,40,0.54612094,31.700001,41,0.52473503,0,26319.67416,27841.35335,29362.08416,30230.80297,30963.053,32349.94366,33925.70673,36327.22865,38119.4132,39575.30975,40376.30688,38865.41346,40099.44824,41666.70763,42290.96541,44298.57873,45753.75055,44670.08054,46472.34025,48317.17458,49992.76228,49832.40538,47226.36514
Chad,,,0,,,0,,,0,,,0,,,0,,,39.799999,,,0,,,0,113,-2.2718506,0,120,-2.7497721,0,123,-3.1778381,0,123,-2.9848878,0,82,-0.48688963,0,66,-0.081448272,43.299999,97,-0.78903216,0,132,-2.4179854,0,134,-2.4706359,0,130,-1.8798469,0,126,-1.896736,0,128,-1.9130875,0,,,37.5,,,0,,,0,811.8594545,789.735094,773.6499304,854.3746237,909.4612937,1022.523506,1342.190968,1560.653018,1562.907046,1602.449609,1626.031801,1646.509959,1828.677828,1804.062929,1734.843414,1569.49404,1672.98072,1816.288184,1660.984878,1579.7606,1601.132445,1628.242767,1572.601587
Chile,42,0.034598649,55.5,49,-0.060722161,0,49,-0.015071946,52.799999,52,-0.074908458,0,54,-0.17733259,0,55,-0.2256958,51.5,58,-0.23814724,0,63,-0.31734878,0,68,-0.29760581,47.299999,72,-0.22903155,0,72,-0.22315802,0,77,-0.31179851,47,81,-0.47502029,0,75,-0.35802856,46,70,-0.26518363,0,71,-0.21101414,45.799999,73,-0.17323099,0,73,-0.21623075,44.400002,73,-0.28956053,0,70,-0.2263373,44.400002,69,-0.20208111,0,71,-0.27697,0,71,-0.32799637,44.900002,8927.836315,8921.984384,9468.318799,9876.226278,10239.38515,10820.67088,11735.17679,12685.02796,15676.58343,16875.71456,16550.44891,16118.37675,18104.7246,20330.5246,21584.68127,22425.58942,22779.42767,22691.48662,23492.28786,24546.91242,25564.53672,25600.1927,24941.23509
China,48,-0.11770003,0,47,-0.037674241,38.700001,44,0.13796687,0,35,0.29871005,0,37,0.28486449,42,38,0.30822361,0,36,0.42596957,0,34,0.51889735,40.900002,32,0.60462385,0,28,0.75420064,0,25,0.85627139,43,23,0.92356706,0,23,0.97989368,43.700001,22,1.0976994,42.400002,20,1.1427227,42.200001,21,1.1189501,39.700001,21,1.171975,39.200001,20,1.1840439,38.599998,20,1.1488161,38.5,20,1.1694037,39.099998,21,1.1747699,38.5,21,1.1728234,38.200001,21,1.1878822,37.099998,2448.482291,2650.178686,2917.24253,3208.229957,3532.081651,3938.730274,4427.131003,5056.404724,5842.778636,6818.923409,7581.453513,8305.760185,9254.779603,10292.94048,11168.6973,11872.49738,12480.33853,12897.50229,13483.37727,14243.53261,15497.82574,16655.39936,17209.44295
Colombia,47,-0.082915232,0,50,-0.10082172,58.700001,48,-0.014753482,58.700001,47,0.11466563,57.5,40,0.2154503,56,48,0.001599639,53.599998,52,-0.080692835,55,58,-0.23478399,53.900002,58,-0.16408806,0,59,0.0054393,0,55,0.16122001,55.299999,55,0.1619695,54.299999,54,0.14898337,54.599998,57,0.12041076,53.5,53,0.15713692,52.599998,55,0.22403173,52.599998,49,0.27610177,52.599998,58,0.13616374,51,54,0.17540775,50.599998,55,0.13122369,49.700001,54,0.14072609,50.400002,54,0.13891968,51.299999,52,0.14313558,53.5,6825.870768,6520.964545,6753.464794,6911.727494,7085.62081,7398.183502,7888.450084,8412.996829,9135.678975,9891.37577,10291.19999,10357.33409,10830.19512,11694.72661,12095.6485,12798.66319,13390.03195,13378.67515,13971.33959,14334.91461,15161.31797,15872.30898,15103.07382
"Congo, Dem. Rep.",,,0,,,0,,,0,,,0,,,0,,,0,,,42.200001,,,0,,,0,111,-1.5384221,0,111,-1.1976032,0,115,-1.4526565,0,119,-1.7311809,0,122,-1.4965189,0,112,-1.165858,42.099998,122,-1.389894,0,125,-1.3922374,0,115,-1.1890441,0,114,-1.2495655,0,97,-0.7517603,0,103,-0.86134207,0,99,-0.85650742,0,107,-1.0437391,0,495.9580972,467.8942276,432.6993394,420.2721766,426.1746285,445.5148537,473.9589299,502.8971999,528.8716998,558.9001538,586.0287494,587.5528153,616.5323991,650.4366032,650.9215896,731.9328213,824.4124376,877.6808352,932.4051652,1023.539833,1073.446906,1104.843368,1102.553518
"Congo, Rep.",,,0,,,0,89,-1.4992995,0,95,-1.3880309,0,90,-1.205995,0,92,-1.2688658,0,104,-1.6047205,0,104,-1.4721668,47.299999,108,-1.5942783,0,114,-1.7897711,0,115,-1.762324,0,116,-1.5355209,0,115,-1.4976004,0,123,-1.5450451,48.900002,117,-1.3651984,0,120,-1.3339324,0,121,-1.2778314,0,116,-1.1891549,0,108,-0.92484838,0,87,-0.57196647,0,92,-0.65004665,0,107,-0.99703795,0,108,-1.0650094,0,3620.050855,3482.032021,3687.232246,3769.265332,3910.797434,3910.654111,4016.429446,4305.869938,4616.63511,4267.756861,4473.227068,4827.907091,5152.51779,5204.000834,6062.822776,5810.922383,5681.772202,4448.916586,3687.580949,4073.926085,3877.439563,3851.773555,3574.241387
Costa Rica,60,-0.43822181,45.700001,56,-0.27891177,47.700001,55,-0.12669046,47.400002,54,-0.086730525,51.5,53,-0.081984848,51.799999,52,-0.12510556,49.299999,55,-0.19686736,48.400002,54,-0.1497926,47.5,53,0.022421956,49.299999,54,0.16182399,49.299999,54,0.19129172,48.599998,56,0.15797257,50.599998,58,0.069276884,48,58,0.080182485,48.799999,51,0.17765568,48.400002,48,0.32248574,49.200001,44,0.40094474,48.599998,47,0.36711699,48.400002,47,0.33285707,48.700001,50,0.22309887,48.299999,50,0.17666134,48,50,0.22405787,48.200001,47,0.20271006,49.200001,7231.77471,7486.053004,7796.430885,8099.7124,8363.810725,8756.921955,9248.126628,9772.464327,10658.27763,11680.5728,12297.21336,12103.38185,12740.34097,13410.35454,14174.6021,14851.13544,15905.14794,16925.17941,18898.07522,20168.22048,21144.40977,22608.23216,21693.67282
Cote d'Ivoire,85,-1.4782507,39,86,-1.4128507,0,81,-1.0232874,0,76,-0.71721804,0,74,-0.62964153,41.299999,74,-0.67618513,0,77,-0.70618355,0,80,-0.72009677,0,89,-0.72728026,0,96,-0.75425309,0,99,-0.803945,43.200001,101,-0.90245342,0,109,-1.1182922,0,102,-0.89574975,0,106,-0.9443298,0,101,-0.74712408,0,100,-0.72839338,0,100,-0.71629989,41.5,93,-0.61007267,0,93,-0.69581795,0,101,-0.80560583,37.200001,100,-0.87920868,0,109,-1.0652666,0,3242.547529,3227.520171,3202.951742,3121.727848,3007.357263,2852.020434,2952.041262,3005.998332,3116.371153,3166.671537,3310.47535,3379.412564,3577.706982,3384.930979,3483.689789,3801.616471,4254.230896,4579.85146,4693.675045,4836.048367,5060.59743,5350.010141,5377.394446
Croatia,34,0.38531691,0,34,0.43773076,0,34,0.37418857,0,33,0.41260293,0,32,0.46853691,0,33,0.39501461,0,33,0.48957634,0,31,0.5671162,0,33,0.58276784,0,31,0.65959889,0,34,0.6376828,0,33,0.67559415,32.599998,33,0.67702949,32.400002,31,0.79717195,32.299999,29,0.82439595,32.5,29,0.91041666,32,31,0.82785016,32.099998,33,0.71074736,31.1,33,0.71622539,30.9,32,0.72376209,30.4,32,0.76071465,29.700001,32,0.75184023,28.9,32,0.79804647,29.5,9887.481031,9939.949509,10669.43175,11650.43368,12774.82647,13697.30864,14694.4507,15455.11907,17611.9919,19527.41456,20978.49098,20227.39897,20048.34854,21094.04022,21463.73225,22134.72959,22360.96467,23338.2174,25260.2009,27206.93571,28909.41656,31588.02672,29690.15368
Cuba,,,0,51,-0.10341989,0,51,-0.037048306,0,56,-0.22714688,0,64,-0.46795076,0,73,-0.60925472,0,66,-0.40237761,0,53,-0.02154506,0,51,0.14725772,0,57,0.051019497,0,71,-0.15496062,0,76,-0.30384874,0,65,-0.17401533,0,74,-0.33789334,0,59,0.050588787,0,60,0.063757345,0,63,0.1185854,0,67,-0.14150369,0,,,0,,,0,,,0,,,0,,,0,0,0,0,0,0,0,0,0,0,0,0,0,0,0,0,0,0,0,0,0,0,0,0
Czechia,14,1.0756162,0,12,1.1371381,0,13,1.1852891,0,15,1.2582074,0,12,1.3195244,26.6,13,1.3552542,0,14,1.3595045,27.5,13,1.4266033,26.9,13,1.4096813,26.700001,12,1.4061458,26,13,1.4029146,26.299999,12,1.4370929,26.200001,12,1.5230851,26.6,8,1.6376116,26.4,9,1.6173378,26.1,8,1.6468208,26.5,8,1.6549941,25.9,8,1.6023061,25.9,7,1.5814123,25.4,10,1.5721393,24.9,8,1.591076,25,8,1.6195128,25.299999,9,1.5995337,26.200001,14978.07009,15396.31178,16238.61224,17624.43722,18252.57277,19539.05728,20932.1974,22095.38785,23922.15715,26285.70112,27974.48713,27761.79617,27880.54257,29001.36804,29254.73127,30818.10816,32502.47535,33899.28657,36097.70526,38824.88792,41143.82705,44212.7465,42827.06001
Denmark,11,1.1343218,0,13,1.1341838,0,14,1.1360853,23.799999,16,1.1905886,0,17,1.1088428,0,17,1.1291945,25.6,17,1.1198254,24.9,19,1.0683061,25.200001,20,1.0860596,25.9,20,1.0608422,26.200001,20,1.0478264,25.200001,20,1.0714369,26.700001,20,1.085737,27.200001,21,1.1086059,27.299999,24,1.078652,27.799999,22,1.1156392,28.5,22,1.068162,28.4,24,1.0375133,28.200001,25,1.0356647,28.200001,25,1.0599207,28.700001,27,1.0219895,28.200001,27,1.0155535,27.700001,26,0.97889912,27.5,25814.65817,26653.8239,28663.65188,29442.96229,30640.34562,30821.94318,32938.88288,34150.15946,37331.98008,39011.13939,41278.32683,40331.82423,43000.85664,44403.38484,44803.96824,46726.85414,47901.44736,49045.33919,51976.00571,55356.68078,57482.9624,59910.66484,60832.15829
Dominican Republic,79,-1.2170922,0,71,-0.94488299,0,72,-0.77364773,51.5,72,-0.61348522,50,68,-0.56401932,49.700001,67,-0.56548113,52.099998,70,-0.45219105,52.099998,69,-0.42393577,50,69,-0.30971175,52,67,-0.078669928,48.900002,63,-0.024270725,48.099998,65,-0.083153501,48.900002,66,-0.19665508,47.299999,69,-0.1207571,47.700001,67,-0.1225085,46.099998,69,-0.17199071,47.700001,68,-0.11228475,44.299999,68,-0.14877811,45.200001,66,-0.094065085,45.700001,68,-0.16725726,42.200001,66,-0.13608806,43.700001,62,-0.084215902,41.900002,66,-0.18619511,39.599998,6006.414554,6353.716895,6697.521257,6913.0444,7231.224986,7172.966415,7451.835235,8298.495129,9219.267067,10042.90912,10430.09301,10458.85359,11317.47253,11760.64189,11781.88687,12348.42534,13321.76707,14564.94695,15911.15439,16524.53384,17904.45029,18941.71678,17707.68789
Ecuador,71,-1.0537192,0,75,-1.0570506,58.599998,80,-1.0073106,56.400002,82,-0.94632369,0,83,-0.87716508,0,87,-0.99678493,53.5,91,-0.96369267,53.900002,92,-1.0280821,53.099998,92,-0.92174888,52.299999,95,-0.74606824,53.400002,97,-0.75808102,49.799999,99,-0.81900007,48.5,100,-0.87462211,48.799999,92,-0.66450852,45.900002,90,-0.5746538,46.099998,95,-0.55529302,46.900002,101,-0.75966531,45,102,-0.75995862,46,100,-0.799142,45,99,-0.77391934,44.700001,100,-0.76883626,45.400002,98,-0.82273608,45.700001,102,-0.92133355,47.299999,6070.300144,5763.768975,5857.496022,6123.75719,6362.496502,6549.196227,7151.696928,7633.4708,8075.332999,8330.833977,8877.780987,8835.386646,9104.364063,9861.503581,10304.889,11142.67836,11708.653,11071.29472,11068.85685,11679.43023,11887.49225,11873.28931,10937.10677
"Egypt, Arab Rep.",68,-0.92381549,0,68,-0.74676025,32.799999,68,-0.60143173,0,71,-0.59049803,0,75,-0.63195652,0,66,-0.53791761,0,67,-0.42316258,31.799999,70,-0.44733578,0,74,-0.39688379,0,74,-0.23934373,0,69,-0.11528976,31.1,66,-0.13263887,0,68,-0.2316099,30.200001,71,-0.22180507,0,71,-0.27161065,28.299999,68,-0.15187214,0,67,-0.067699954,0,66,-0.10597456,31.799999,64,-0.051807567,0,65,-0.099348113,31.5,64,-0.11647153,0,63,-0.10660055,31.9,65,-0.18414254,0,4974.88294,5238.501654,5581.587598,5788.831763,5895.005333,6075.145136,6362.904448,6721.253083,7260.118037,7830.489351,8385.944896,8663.002472,9033.344405,9178.853589,10506.9681,10623.73789,10306.91589,10890.24179,10593.7478,10995.00567,11636.49884,12280.60639,12661.1812
El Salvador,58,-0.40906057,54.5,59,-0.33771938,52.200001,59,-0.21150829,51.5,58,-0.23266877,51.400002,57,-0.21483183,51.900002,57,-0.25618133,50.5,59,-0.24531606,47.799999,62,-0.31016198,48.5,62,-0.21865155,45.700001,66,-0.066843055,45.200001,59,0.068042085,46.900002,60,0.057634886,45.799999,61,0.005857409,43.5,63,0.011286899,42.299999,62,-0.019814819,41.799999,62,0.056049235,43.400002,59,0.15263957,41.599998,55,0.16409895,40.599998,51,0.22259338,40,47,0.28579831,38,51,0.17578498,38.599998,52,0.16269131,38.799999,56,0.082776077,0,4166.602621,4288.42187,4409.2674,4525.771821,4650.60102,4804.175569,4969.753359,5262.382202,5663.816375,5915.484123,6133.068229,6020.707281,6198.251029,6542.94498,6622.574629,6966.572241,7332.904449,7712.372705,8174.474125,8617.921708,9024.051422,9405.70362,8760.296904
Ethiopia,,,0,,,30,,,0,,,0,,,0,,,0,,,29.799999,,,0,,,0,,,0,,,0,,,0,,,33.200001,105,-0.93181664,0,103,-0.90155774,0,104,-0.81958747,0,105,-0.81632453,0,104,-0.78152198,35,96,-0.73170495,0,105,-0.90442657,0,96,-0.71873194,0,102,-0.88898134,0,93,-0.77888292,0,437.3384699,452.4844762,476.5284642,512.5207813,513.1203167,497.2756238,563.5085621,631.6731706,701.6004987,780.532557,856.6597788,912.1083594,1010.022027,1114.045972,1191.440622,1261.1133,1488.625755,1630.877462,1848.661116,1987.968754,2117.159362,2274.185566,2379.447888
Finland,6,1.7402679,0,6,1.671196,0,6,1.667789,27.200001,5,1.8177938,0,5,1.7873098,0,5,1.7855846,27.700001,5,1.8412007,27.9,5,1.7748017,27.6,5,1.6925604,28,6,1.5614589,28.299999,8,1.4939448,27.799999,8,1.5557761,27.5,10,1.5635229,27.700001,12,1.5417295,27.6,13,1.4959042,27.1,12,1.4909306,27.200001,12,1.5138316,26.799999,13,1.4811919,27.1,15,1.3162594,27.1,13,1.40194,27.4,13,1.395942,27.299999,13,1.4500157,27.700001,13,1.426885,27.1,23577.49295,24767.28067,26789.87867,27801.0248,28605.12232,29052.96517,31201.92731,32051.794,34452.89974,37843.11705,40083.69727,37972.65126,38954.48226,40916.83858,40873.09533,41493.14165,41757.40219,42497.70498,44934.44821,47570.13358,49579.331,51811.55737,52305.28931
France,9,1.4813192,31.700001,9,1.4907788,32.5,9,1.4923016,32.599998,9,1.4933355,32.5,9,1.4505894,31.799999,10,1.4199208,31.4,12,1.4564762,30.6,11,1.4329244,29.799999,14,1.3819361,29.700001,14,1.301882,32.400002,14,1.3283006,33,14,1.3435476,32.700001,14,1.3911388,33.700001,14,1.4308622,33.299999,14,1.3989223,33.099998,14,1.4041404,32.5,15,1.3661457,32.299999,16,1.3381186,32.700001,16,1.3098246,31.9,16,1.3386024,31.6,16,1.3125689,32.400002,16,1.2883084,31.200001,14,1.3270217,30.700001,23357.45829,24304.40453,26091.84974,27490.86726,28518.82522,28168.6181,29055.35275,30494.21411,32462.96007,34122.70727,35092.69431,34676.36399,35899.40194,37439.23314,37677.72679,39521.69698,40144.02683,40849.99738,42924.61363,44577.06457,46537.47404,50500.96076,48134.95979
Gabon,66,-0.78922641,0,70,-0.79859501,0,83,-1.1791849,0,91,-1.2451731,0,102,-1.8959709,0,98,-1.5653573,0,88,-0.92443138,0,93,-1.052902,42.200001,105,-1.4359479,0,110,-1.4494992,0,114,-1.3647978,0,109,-1.205281,0,117,-1.5901073,0,118,-1.294944,0,120,-1.3923229,0,121,-1.3699529,0,129,-1.7200825,0,126,-1.5981346,0,123,-1.5749074,0,113,-1.1214082,38,116,-1.1902558,0,116,-1.2033815,0,110,-1.0670217,0,15160.58334,13651.86927,13352.07722,13585.23563,13402.50278,13602.07364,13679.33757,14076.1963,13688.58221,14448.89441,13792.03,13448.29955,14084.53803,14863.46234,14628.61588,14437.75973,14721.90115,14113.82767,13749.83255,14478.13031,14597.14731,15092.0306,14682.06377
Georgia,,,41.299999,,,40.099998,,,40.5,,,39.599998,,,37.200001,,,36.700001,,,36.200001,,,37.400002,60,-0.21083643,36.900002,62,-0.045717999,38.099998,66,-0.079784214,38.5,63,-0.044933889,38.200001,69,-0.2373119,39.5,70,-0.20475629,39.599998,68,-0.17361803,39,67,-0.086316653,38.599998,70,-0.13275564,37.599998,70,-0.16658244,36.5,69,-0.23086955,36.599998,73,-0.33226842,37.900002,67,-0.16477002,36.400002,66,-0.12883925,35.900002,69,-0.30195844,34.5,2742.305824,2920.209842,3100.988403,3375.179089,3647.998924,4159.376204,4546.583845,5171.57736,5866.588877,6818.50985,7139.012454,6984.247646,7564.892257,8360.297207,9826.052753,10611.77412,11575.54721,12089.16941,12858.4834,13589.70739,14596.06929,15624.97002,14748.63211
Germany,2,1.9587106,28.1,2,1.9328946,29,2,1.9147506,28.799999,2,1.9990351,29.9,3,2.017719,29.9,2,2.0039155,29.9,2,2.0349197,30.200001,2,2.0127046,31.6,2,1.9616077,31,2,1.8126414,31.1,2,1.7772592,30.9,2,1.8094605,30.5,3,1.8478581,30.299999,4,1.9059458,30.700001,4,1.9193798,31.1,4,1.8731608,31.5,4,1.8723991,30.9,4,1.9371619,31.4,4,1.8999,31.4,4,1.9641619,31.9,4,1.9346552,31.799999,5,1.9373082,31.700001,5,1.9423461,0,25345.66624,26291.21108,27204.29337,28373.97419,29178.63747,29909.67518,31334.01534,31794.09601,34158.12837,36292.07671,37802.38743,36816.20718,38950.71088,42541.53109,43359.61483,44993.89275,47011.55109,47609.781,50579.68393,53071.45557,55195.84054,57397.52388,56482.47563
Ghana,,,40.099998,82,-1.2351742,0,85,-1.2392107,0,89,-1.2018849,0,94,-1.300063,0,93,-1.2847748,0,98,-1.2862906,0,99,-1.2862536,42.799999,99,-1.1204302,0,102,-0.9566884,0,96,-0.70790827,0,98,-0.80426067,0,99,-0.84652179,0,94,-0.72815102,0,99,-0.81317967,42.400002,99,-0.7160607,0,112,-0.94534808,0,103,-0.76625186,0,101,-0.80779493,43.5,103,-0.88276106,0,115,-1.1875917,0,118,-1.2418071,0,117,-1.2298219,0,2163.409733,2235.238566,2311.547835,2393.651127,2471.482223,2580.312748,2724.268096,2897.367514,3095.145404,3231.662607,3503.709454,3604.432313,3839.885758,4362.592882,4877.582214,5118.242139,5376.308829,5021.788687,4811.572816,4929.567954,5248.46349,5572.669189,5558.356264
Greece,46,-0.073338807,0,44,0.05886969,0,46,0.095876969,34.200001,48,0.1123156,0,42,0.19589919,0,43,0.17404091,32.799999,41,0.22516495,33.599998,45,0.21305294,34.599998,49,0.16354802,35.099998,48,0.25718936,34,49,0.26101607,33.599998,50,0.27899453,33.599998,52,0.23358658,34.099998,53,0.19284466,34.799999,56,0.12023403,36.299999,57,0.21043622,36.099998,55,0.23313591,35.799999,51,0.26629055,36,52,0.22033668,35,54,0.17115171,34.400002,53,0.15059093,32.900002,55,0.12676854,33.099998,55,0.099681094,33.599998,18034.21348,18464.73208,19519.95681,20958.79401,22615.93561,23897.82661,25460.59937,25577.52411,28547.29656,29323.97973,30856.01184,30359.45115,27911.69743,25671.51609,24911.11963,25986.65032,26625.06181,26760.3633,27511.80102,28604.86094,29617.54834,31155.90712,28416.5239
Guatemala,57,-0.39535624,0,60,-0.34840372,0,61,-0.24131478,54.200001,61,-0.31021011,0,60,-0.34703115,0,61,-0.35781136,0,64,-0.37991354,0,71,-0.45610353,0,70,-0.32022837,54.599998,69,-0.17050695,0,67,-0.087669991,0,67,-0.161017,0,71,-0.25926071,0,72,-0.2664631,0,72,-0.309066,0,70,-0.17458087,0,69,-0.11990082,48.299999,71,-0.16927734,0,65,-0.065338105,0,67,-0.14554664,0,70,-0.20235071,0,69,-0.25587451,0,70,-0.30600294,0,4474.145231,4601.413727,4758.248081,4860.75067,5009.586478,5126.233469,5314.815602,5544.676707,5900.851227,6318.320288,6524.609737,6474.796935,6618.916031,6910.876502,7204.732938,7446.588009,7758.49317,8194.440681,8221.746427,8322.21681,8672.717782,9040.834113,8859.01174
Guinea,,,0,,,0,,,0,,,0,,,43,,,0,,,0,,,0,,,0,115,-1.8175766,39.400002,116,-1.7652795,0,119,-1.834744,0,118,-1.5984268,0,124,-1.6388056,0,127,-1.8069903,33.700001,126,-1.5674399,0,126,-1.415494,0,125,-1.5568384,0,124,-1.6050838,0,125,-1.5298413,0,125,-1.6739631,29.6,127,-1.5965441,0,127,-1.8061157,0,1142.61071,1176.05102,1208.833679,1264.789472,1330.042083,1342.784671,1381.368728,1438.63838,1470.030477,1576.122036,1632.940052,1585.791515,1641.250106,1726.182307,1772.704931,1784.690499,1775.501628,1789.018453,2045.094368,2383.578867,2531.140575,2653.082556,2749.983505
Honduras,78,-1.1897287,57.400002,77,-1.0854418,55.400002,76,-0.89524394,0,79,-0.85742831,55.400002,84,-0.89773494,55.700001,85,-0.96059734,58.099998,86,-0.87473553,58.099998,88,-0.87539321,59.5,85,-0.65496528,57.5,82,-0.44425276,55.799999,86,-0.42608717,55.5,81,-0.41151908,51.299999,78,-0.41951934,53.099998,81,-0.45774385,52.599998,80,-0.46299106,53.400002,88,-0.47517982,50,81,-0.32683086,49.900002,81,-0.38270384,49.200001,75,-0.34178898,49.799999,78,-0.40011624,49.400002,81,-0.44819435,48.900002,78,-0.39512825,48.200001,81,-0.51819676,0,2442.302457,2394.421072,2556.419304,2614.067537,2683.047286,2788.131725,2966.63093,3167.059951,3398.067692,3622.036167,3763.50326,3617.158904,3719.19615,3863.651341,3963.015777,4067.289315,4368.555682,4729.153322,5043.871489,5447.698792,5694.958543,5851.742458,5309.790178
"Hong Kong SAR, China",53,-0.31600752,0,53,-0.14492306,0,43,0.13942529,0,38,0.24249439,0,35,0.37222156,0,34,0.39401814,0,35,0.43891221,0,35,0.48517758,0,31,0.60710984,0,32,0.65647316,0,28,0.78857422,0,28,0.8479237,0,25,0.93033946,0,23,1.0916163,0,23,1.10605,0,26,0.96072376,0,25,1.0065138,0,27,0.99473757,0,27,0.97249579,0,27,1.0447654,0,23,1.0918174,0,22,1.1666031,0,19,1.2116438,0,25114.40621,25858.56119,28221.06194,28805.62754,29607.82332,31176.4065,34528.14236,38075.1671,41741.36012,45250.20755,46818.47458,45861.01853,49190.5961,52277.46644,52234.59232,53691.83748,54781.64716,56408.93627,57225.09,59842.213,62523.13559,62119.40193,59022.83555
Hungary,30,0.56457037,0,28,0.63364518,0,25,0.69171906,0,23,0.86208153,0,21,0.99115515,0,22,0.97261792,0,19,1.040725,29.9,20,1.0554518,34.700001,17,1.1652474,28.299999,16,1.2475928,27.9,16,1.2793888,27.5,16,1.2820108,27,17,1.2936707,29.4,16,1.3445742,29.200001,16,1.3725255,30.799999,15,1.3710086,31.5,14,1.3930279,30.9,14,1.4040684,30.4,13,1.367556,30.299999,15,1.3509425,30.6,14,1.3660585,29.6,14,1.3607928,30,15,1.320593,29.700001,10398.34357,10873.24786,11855.46471,13210.45771,14526.38826,15479.02673,16268.93885,17108.34058,18382.55855,19096.70547,20721.50241,20722.88699,21741.54584,23029.44718,23267.44839,24547.98053,25691.52726,26798.85417,27941.92686,29496.16368,31908.86345,34645.56538,34169.92228
India,44,-0.022361452,0,45,0.04313508,0,45,0.13763145,0,41,0.22297657,0,38,0.27992475,0,39,0.3054764,0,40,0.25210357,34.400002,42,0.24202158,0,43,0.27710739,0,47,0.3211084,0,46,0.39144328,0,49,0.32894796,35.400002,46,0.32679087,0,49,0.26339877,35.700001,46,0.32014364,0,49,0.31515807,0,47,0.37230393,0,45,0.39021915,34.700001,43,0.41916379,34.799999,43,0.42004904,35.900002,44,0.4248766,34.599998,43,0.43156096,35,43,0.4745301,34.799999,1847.256696,2001.634107,2087.224776,2197.109404,2275.441506,2459.953916,2680.898081,2936.560443,3221.697778,3510.388774,3636.060371,3892.530031,4215.580828,4467.466655,4827.945973,5016.928746,5187.255759,5412.336239,5778.269614,6112.06665,6590.882301,6897.770038,6517.761388
Indonesia,65,-0.7305581,32.200001,65,-0.63900971,32.099998,64,-0.48071745,29.5,62,-0.3624931,30,59,-0.27555901,32.799999,58,-0.2948218,33,60,-0.27365512,33.900002,61,-0.28971392,34.099998,66,-0.25411546,35.299999,64,-0.05818598,36.700001,61,0.008536853,36.099998,61,0.041083429,36,64,-0.076908424,37.200001,65,-0.068096146,40.5,63,-0.021372033,40.5,65,-0.021046076,40.799999,65,0.02067158,40.200001,63,0.009587742,40.400002,62,0.044557102,39.299999,62,-0.034657691,38.799999,61,-0.014067639,38.400002,61,0.012933868,37.599998,61,-0.06528265,37.599998,4396.787351,4427.113458,4681.91945,4892.352515,5121.33454,5399.32871,5749.521451,6188.855532,6643.880722,7161.810728,7638.009575,7941.166333,8430.615417,9022.72138,9645.149197,10009.0107,10233.98527,10219.17641,10482.699,10941.92095,11671.43233,12360.69174,12160.71676
"Iran, Islamic Rep.",62,-0.52757013,44.099998,63,-0.51133335,0,69,-0.66739666,0,78,-0.80721009,0,80,-0.80621785,0,76,-0.71518713,0,82,-0.77334756,0,82,-0.74041617,43.599998,83,-0.62997949,44.799999,91,-0.70244443,0,102,-0.93775684,0,108,-1.0921838,42.099998,106,-1.0109895,0,95,-0.78443003,0,95,-0.73801881,0,90,-0.50619113,37.400002,84,-0.39587748,38.799999,74,-0.23437457,39.5,77,-0.37126783,40,76,-0.38463709,40.799999,76,-0.36315271,42,79,-0.40092018,40.900002,79,-0.42734778,0,10027.88868,10209.83708,10871.13341,11188.9895,12162.41857,13349.50528,14073.07565,14738.15224,15707.85852,17196.28961,17330.67303,17379.40321,18348.51528,18981.2308,16757.19207,15939.68053,15704.91642,13828.43857,14661.83944,15163.29231,14980.63479,14681.68732,15240.77291
Iraq,67,-0.87580508,0,87,-1.4372224,0,91,-1.6409304,0,92,-1.251996,0,99,-1.5392985,0,80,-0.82421422,0,95,-1.167065,0,90,-0.95489126,0,103,-1.4005344,28.6,119,-2.2085488,0,122,-2.3986783,0,122,-2.1818185,0,124,-2.2878101,0,127,-2.0225782,0,122,-1.520925,29.5,127,-1.6165155,0,132,-1.862444,0,131,-2.1145332,0,128,-2.6983399,0,123,-1.5136919,0,128,-1.9172443,0,119,-1.2758319,0,120,-1.3312675,0,7896.674287,9112.657586,10538.5354,10622.1277,9590.305474,6008.405549,9194.798483,9359.558954,10120.16251,10680.06189,11555.74417,11597.83401,12098.90311,12825.63742,14279.26515,14517.48261,13005.7538,9198.737829,8920.041235,9976.854942,10235.33636,10736.12226,9343.734411
Ireland,10,1.1632305,0,10,1.2592297,0,10,1.2625024,33,12,1.3048716,0,11,1.3307707,32.299999,9,1.4375097,32.900002,9,1.5312276,33.599998,14,1.3103604,33.799999,16,1.2455994,32.700001,17,1.1945525,31.9,17,1.2244247,30.9,17,1.2183194,32.700001,15,1.379266,32.299999,17,1.3258162,32.900002,15,1.3929697,33.200001,16,1.3570337,33.5,17,1.2527305,31.9,18,1.2334536,31.799999,17,1.2578738,32.799999,18,1.2582531,31.4,17,1.2183974,30.6,18,1.2200465,30.799999,18,1.2794954,29.200001,25093.0949,27041.34742,30211.48222,32573.5306,35222.02872,36284.92798,38733.58417,40466.23435,44229.52458,46779.39635,44169.09434,41471.4941,43208.24453,45085.39009,46388.57961,47842.99409,51137.97697,69074.96762,71537.58187,77968.62985,84708.25092,89716.1637,93942.60575
Israel,20,0.822532,0,21,0.85842568,0,19,0.96138048,0,20,0.99635178,38.900002,18,1.0445163,39.599998,18,1.014413,40.700001,22,0.98377395,41.5,21,1.0530059,42.299999,21,1.0201372,41.599998,21,1.0373213,41.099998,21,1.0337313,41.599998,21,1.028424,42.599998,21,1.0768074,42.5,24,1.0815173,41.400002,19,1.1902145,41.599998,19,1.1811295,40.200001,19,1.1762971,39.799999,19,1.2122905,39.700001,18,1.2022218,39,17,1.3056502,38.200001,19,1.209946,38.599998,17,1.2625889,0,16,1.3050288,0,22828.27867,23319.96677,25688.08234,25740.79456,26044.74349,24648.27091,26056.3453,25625.03904,26336.42822,28175.20726,27994.90107,27903.11705,29298.96195,31161.72418,32322.69352,34740.40169,34740.31091,35864.273,38208.35624,39448.13915,40231.90526,40937.00956,40219.26852
Italy,12,1.1096061,36.700001,14,1.1313022,0,11,1.1937436,35.299999,14,1.2839684,0,13,1.3184795,0,15,1.2679858,34.900002,15,1.2851713,34.299999,15,1.2855982,33.799999,15,1.3309674,33.700001,15,1.2710493,32.900002,15,1.2984987,33.799999,15,1.2858609,33.799999,16,1.3460385,34.700001,15,1.3721067,35.099998,17,1.3276577,35.200001,17,1.3476963,34.900002,16,1.3390087,34.700001,15,1.3774375,35.400002,14,1.3439512,35.200001,14,1.3597401,35.900002,15,1.3318307,35.200001,15,1.303672,34.599998,17,1.2841091,35.200001,25021.65968,25602.38947,27077.63273,28039.09289,28736.57711,29198.39927,29554.86256,30130.64446,32451.49348,34145.54606,35523.27131,34603.25586,35156.66839,36598.01497,36486.29679,36314.6971,36194.87392,36899.38521,39926.95466,41581.12079,43036.24378,45799.77225,43144.40642
Jamaica,72,-1.0640579,0,72,-0.95121181,44.099998,73,-0.77893686,0,80,-0.8705169,0,77,-0.70818508,48.299999,,,0,,,45.5,83,-0.74435377,0,80,-0.60496455,0,79,-0.42716423,0,74,-0.25537673,0,71,-0.23449379,0,72,-0.26604438,0,67,-0.10912659,0,69,-0.20917588,0,73,-0.213278,0,75,-0.26246637,0,76,-0.26955312,0,,,0,,,0,71,-0.22495255,0,70,-0.25860465,0,73,-0.35261473,0,6187.579073,6292.395288,6451.899649,6652.370572,6857.452873,7214.214656,7469.314226,7735.114232,8165.919733,8470.290267,8530.609009,8178.963348,8122.350005,8396.881317,8431.375117,8703.54096,8823.114362,9095.919824,9533.839562,9984.577117,10405.03397,10678.84167,9724.163469
Japan,1,2.0103753,0,1,2.0077157,0,1,2.0779307,0,1,2.2290168,0,1,2.3058155,0,1,2.2423902,0,1,2.3509455,0,1,2.370934,0,1,2.3380606,0,1,2.1946499,0,1,2.1486034,34.799999,1,2.151334,0,1,2.3479495,32.099998,1,2.3821695,0,1,2.4274762,0,1,2.3063626,32.900002,1,2.2277038,0,1,2.2697797,0,1,2.2501235,0,1,2.3442523,0,1,2.3192024,0,1,2.3710258,0,1,2.3871195,0,25509.8996,25735.97109,27287.27019,27942.34665,28623.58845,29392.24899,30830.65845,32169.86749,33634.63171,35015.98657,35273.79115,33547.28342,35335.37351,36214.43977,37605.97426,39402.0251,39555.41201,40898.80697,40596.96866,41444.21574,42141.9353,42270.96279,41683.91558
Jordan,39,0.1645111,0,46,0.034071259,0,47,0.010057962,0,53,-0.077837624,0,52,-0.076250069,37,54,-0.15369241,0,63,-0.37018618,0,65,-0.34975028,0,65,-0.24111629,33.900002,58,0.025830718,0,60,0.040850669,32.599998,59,0.07672561,0,59,0.018161606,33.700001,59,0.056572177,0,60,0.050176948,0,53,0.24376039,0,58,0.19234057,0,54,0.16443814,0,58,0.10163606,0,57,0.062617607,0,58,0.071033746,0,60,0.016631415,0,63,-0.12901351,0,5610.955786,5756.493028,6008.923974,6333.894482,6659.910168,6915.90387,7520.004934,8171.836442,8510.710973,8874.170313,9464.339703,9785.721106,9912.172408,10133.77152,10308.04395,10320.79788,9457.596728,9237.718184,9056.909866,9629.102997,9814.924305,9939.037003,9698.43367
Kazakhstan,33,0.39480025,0,38,0.19419517,0,57,-0.13646366,0,57,-0.2317469,36,58,-0.24055509,34.799999,60,-0.33903521,33.700001,68,-0.42646566,31.799999,64,-0.3203671,39.799999,67,-0.26164085,30.200001,76,-0.35864207,30.1,90,-0.55962938,28.5,93,-0.65949911,28.200001,98,-0.845487,28,97,-0.81191742,28,88,-0.54346722,28.200001,93,-0.53599036,27.1,91,-0.44239509,27,94,-0.54486316,26.799999,89,-0.53874087,27.200001,91,-0.66081959,27.5,95,-0.71115583,27.799999,90,-0.61558044,0,80,-0.51778036,0,6523.298279,6859.037588,7725.002523,8980.674385,10014.05069,11123.89013,12432.36623,13941.50088,15742.06403,17406.16112,17985.38574,17958.31266,19227.1844,20779.44425,22032.17454,24504.76609,24726.47287,23224.11784,23818.82483,24862.96612,26158.44577,27469.4151,26782.10018
Kenya,55,-0.32898897,0,57,-0.28532267,0,62,-0.26111951,0,60,-0.30215177,0,63,-0.44737667,0,70,-0.59441054,0,72,-0.54561043,0,72,-0.53253412,46.5,71,-0.3325085,0,75,-0.29627842,0,78,-0.27852511,0,74,-0.27919969,0,75,-0.35400784,0,77,-0.42514682,0,78,-0.42176542,0,83,-0.42937857,0,80,-0.31903657,0,78,-0.32901204,40.799999,72,-0.28235969,0,77,-0.39544642,0,78,-0.38416469,0,76,-0.37111425,0,75,-0.3894116,36.200001,1878.673128,1895.228033,1893.76402,1949.66935,1931.39493,1967.994184,2061.41531,2185.602662,2328.560704,2480.651588,2459.727742,2482.750986,2639.634774,2758.24151,2870.680261,3147.949284,3421.245961,3763.763686,4025.841747,4312.908917,4572.149937,4796.354095,4749.276967
"Korea, Dem. People's Rep.",,,0,,,0,,,0,,,0,,,0,,,0,,,0,,,0,,,0,27,0.81915915,0,29,0.77027839,0,31,0.77778506,0,29,0.82566029,0,34,0.63203347,0,44,0.377469,0,66,-0.034630403,0,71,-0.13969749,0,69,-0.15106221,0,70,-0.24399187,0,71,-0.27458438,0,72,-0.22856209,0,,,0,,,0,0,0,0,0,0,0,0,0,0,0,0,0,0,0,0,0,0,0,0,0,0,0,0
"Korea, Rep.",32,0.46757805,0,32,0.49452573,0,28,0.61252975,0,26,0.80785626,0,22,0.94692802,0,21,0.97636032,0,18,1.1085488,0,16,1.2462299,0,12,1.4397068,31.700001,13,1.3717299,0,10,1.4408853,32.299999,10,1.5069045,0,8,1.5944399,32,10,1.600777,0,6,1.7075801,31.6,6,1.7154845,0,5,1.7711403,31.200001,5,1.8121543,0,5,1.8256994,31.4,6,1.8323998,0,5,1.9068003,0,4,2.049716,0,4,2.1059172,0,14974.65957,16807.12948,18538.83553,19724.42595,21396.83775,22095.87083,23773.82865,25186.86757,26884.26733,29064.91808,29946.07749,29508.38151,31736.62844,32546.75365,33557.12872,34244.31214,35324.49767,37902.4004,39575.45428,40957.41806,43044.29176,43410.3022,44694.7337
Kuwait,63,-0.55792475,0,66,-0.69581878,0,79,-0.9808712,0,69,-0.54801261,0,72,-0.59291655,0,65,-0.50692976,0,61,-0.28469747,0,66,-0.37588981,0,75,-0.41300997,0,88,-0.49984843,0,98,-0.79119015,0,100,-0.89304972,0,70,-0.24785167,0,61,0.033854023,0,66,-0.10877619,0,74,-0.26815131,0,94,-0.51300585,0,65,-0.051551737,0,76,-0.35096967,0,66,-0.11238237,0,73,-0.23682946,0,65,-0.11857744,0,58,-0.029253315,0,59149.12125,57093.332,59312.09372,59045.26976,60092.76112,70043.63501,77375.44305,85033.20517,89139.78191,91484.73035,90355.24368,80128.44922,75193.7119,78780.72849,81564.6333,75486.71538,68766.26849,46346.70359,43678.51632,50007.29954,50119.62476,49321.47237,46382.89974
Kyrgyz Republic,,,0,,,0,,,31,,,30.200001,,,30.299999,,,28.700001,,,34.799999,,,32.599998,,,37.400002,,,33.900002,,,31.5,,,29.9,,,30.1,80,-0.45437801,27.799999,74,-0.36798283,27.4,72,-0.21169643,28.799999,72,-0.17210126,26.799999,72,-0.17043149,29,68,-0.16002248,26.799999,61,-0.029232768,27.299999,63,-0.09673927,27.700001,73,-0.29647571,29.700001,74,-0.36472148,29,1686.936746,1747.092619,1861.621661,1985.930219,1998.107104,2158.041983,2343.15794,2385.338014,2508.128874,2769.433362,3030.752903,3100.556976,3085.990191,3297.366837,3618.149726,4042.893053,4281.824074,4214.829509,4681.174733,5046.691535,5256.555894,5481.38014,4990.928369
Lebanon,,,0,,,0,,,0,,,0,,,0,,,0,46,0.094212443,0,48,0.090512283,0,47,0.20669124,0,43,0.41285092,0,47,0.37122405,0,46,0.36486539,0,49,0.27233577,0,46,0.32585707,31.799999,49,0.25240174,0,44,0.38614064,0,46,0.37433034,0,46,0.38904855,0,44,0.38926458,0,44,0.37736446,0,47,0.28926533,0,46,0.29478407,0,45,0.26193285,0,7865.381474,7801.31174,7952.956237,8312.480848,8618.182587,8954.791525,9659.287463,10079.38341,10379.65849,11435.26843,12508.68577,13698.93403,14835.37258,15125.82295,15840.89578,15584.62399,14985.5237,15379.59978,16588.08663,17808.07689,18368.79812,17913.88484,14563.77053
Libya,77,-1.1654321,0,80,-1.1678585,0,92,-1.6970413,0,88,-1.1560422,0,88,-1.0379063,0,88,-1.083692,0,90,-0.96252227,0,81,-0.7276836,0,90,-0.81292176,0,101,-0.94584525,0,110,-1.1828642,0,111,-1.2460215,0,113,-1.2812709,0,117,-1.2598913,0,121,-1.4320092,0,131,-1.8439914,0,131,-1.8476964,0,122,-1.3579366,0,121,-1.4729238,0,118,-1.2674599,0,123,-1.5248127,0,123,-1.4235165,0,116,-1.2188808,0,0,20391.95156,21215.23016,20821.52394,20441.85823,22974.88456,24016.25062,26995.69396,28965.95709,30960.40712,30839.5002,29056.50614,30257.01128,16091.43599,29393.27694,24136.07055,20809.59303,22163.1408,21871.7681,24212.91093,26352.83312,23491.20006,16495.99022
Lithuania,40,0.15316252,0,41,0.11488634,0,42,0.153194,0,49,0.097448781,0,49,0.060700435,0,47,0.07421954,0,47,0.084790491,37,44,0.23204413,35.299999,41,0.32494795,34.400002,41,0.51365584,34.799999,37,0.5618121,35.700001,36,0.53765494,37.200001,37,0.46518415,33.599998,36,0.58323801,32.5,33,0.66600549,35.099998,34,0.73677099,35.299999,33,0.76454061,37.700001,32,0.76841044,37.400002,30,0.77307642,38.400002,30,0.78561342,37.299999,30,0.85554248,35.700001,30,0.84157652,35.299999,30,0.885867,36,7762.915705,7820.701013,8447.021187,9437.514839,10480.6961,12068.24169,13030.51777,14510.59678,16481.41278,19096.7123,20721.0132,18117.65662,20096.64685,22884.92623,24703.68582,26721.57967,28184.47233,28834.42768,30925.17085,33761.87124,36376.52788,39957.60697,40176.46004
Madagascar,,,0,,,38.599998,,,0,,,47.400002,,,0,,,0,,,0,,,39.900002,,,0,,,0,,,0,,,0,,,42.400002,,,0,,,42.599998,103,-0.81239039,0,103,-0.77681929,0,101,-0.71894097,0,104,-0.86719066,0,107,-0.947142,0,107,-0.96148914,0,108,-1.0768782,0,114,-1.1789397,0,1179.832198,1214.463598,1258.486875,1323.539672,1143.025798,1242.643909,1304.338315,1368.618453,1444.122595,1522.628123,1608.48065,1509.961524,1494.130237,1506.468,1489.631498,1494.685371,1515.5983,1508.442706,1568.389357,1548.156425,1594.761492,1652.713347,1516.654232
Malawi,,,0,,,0,,,0,,,0,,,0,,,0,,,39.900002,,,0,,,0,,,0,,,0,,,0,,,45.5,,,0,,,0,113,-1.0548629,0,,,0,,,0,,,44.700001,,,0,,,0,,,38.5,,,0,946.2841092,967.0532704,981.6990038,931.5262556,938.8032371,986.5483575,1040.117478,1077.896281,1131.218037,1237.735946,1319.334201,1397.176711,1468.095208,1528.11656,1486.909319,1594.533998,1552.274681,1457.139406,1475.119612,1454.777492,1513.967035,1582.070725,1573.039483
Malaysia,51,-0.21364896,0,48,-0.052831445,0,41,0.17132127,0,34,0.35029402,0,34,0.40140253,0,35,0.37643448,46.400002,32,0.54282302,0,32,0.55268389,0,29,0.68127477,44.799999,29,0.71062946,0,31,0.75014758,45.5,24,0.89600062,0,24,0.97660226,0,20,1.1380098,43.900002,22,1.1162605,0,24,1.0532116,41.299999,26,1.0030161,0,28,0.95730281,41.099998,22,1.0857362,0,21,1.1371163,0,24,1.0692892,41.200001,23,1.1310036,0,23,1.095335,0,11447.56877,12013.97315,13038.53479,13061.26049,13632.53502,14351.41497,15367.4434,16314.30914,17364.50238,18549.02712,19408.67053,18860.48072,20146.96162,21308.21578,22527.00105,22959.20176,24012.82509,24164.95968,24864.03924,25935.13952,27480.95492,28848.10085,27277.86229
Mali,,,0,,,0,,,0,,,39.900002,,,0,,,0,,,0,,,0,,,38.900002,,,0,106,-1.0261739,0,,,33,,,0,115,-1.2179292,0,111,-1.1251799,0,119,-1.3215256,0,123,-1.3250905,0,129,-1.8186411,0,116,-1.304828,0,110,-1.0219239,0,112,-1.0907183,36,115,-1.2010046,0,115,-1.2156615,0,1066.189184,1111.812476,1103.743264,1263.397245,1282.120839,1381.625913,1394.539676,1482.437505,1547.418173,1591.33496,1644.359014,1678.881691,1732.130848,1766.843104,1706.679102,1753.879778,1847.910072,1957.003495,2103.008648,2153.845638,2238.118108,2313.159094,2242.791702
Mauritania,,,0,,,0,,,39,,,0,,,0,,,0,,,40.200001,,,0,,,0,112,-1.6488148,0,119,-1.8767422,35.700001,117,-1.76598,0,120,-1.7769247,0,116,-1.2316486,0,123,-1.5299717,0,123,-1.4480076,0,130,-1.7205397,32.599998,128,-1.6987376,0,122,-1.4840049,0,121,-1.4772147,0,122,-1.4271812,0,122,-1.386448,0,126,-1.6121966,0,3032.380124,3102.776474,2964.592889,2934.392595,2957.18038,3155.55428,3320.771149,3637.09047,4337.520445,4266.91766,4227.345309,4144.174364,4181.977577,4314.773195,4344.632168,4570.492347,4393.08554,4306.676799,4829.604325,5259.065063,5496.247467,5739.147192,5612.553809
Mexico,38,0.2157357,51.700001,35,0.37725142,0,32,0.47512704,52.599998,30,0.55969483,0,29,0.64154345,50.099998,30,0.6394074,0,28,0.7403416,50,27,0.76915991,50.099998,27,0.80794269,48.900002,26,0.85026217,0,23,0.91106075,49.900002,25,0.89415246,0,26,0.87302351,47.200001,26,1.0569263,0,26,1.0099379,48.700001,25,1.0286174,0,24,1.0498471,48.700001,22,1.0763549,0,26,1.0206465,47.700001,24,1.066007,0,26,1.0480161,46.700001,29,0.98934758,0,29,0.9568736,45.400002,10315.05849,10573.55897,11205.78595,11237.2898,11272.58085,11561.3868,12157.19144,12725.19759,13899.91986,14411.74519,15078.68781,14732.94074,15466.57032,16743.85518,17388.03521,17601.49018,18299.95519,18561.72076,19612.14849,20032.40861,20448.92162,20224.29089,18522.00217
Moldova,,,39.5,,,42.599998,,,36.400002,,,38,,,35.799999,,,34.900002,,,35,,,36.299999,,,35.400002,55,0.093087241,34.400002,56,0.15340154,34.700001,57,0.15255594,32.900002,57,0.075285561,32.099998,62,0.019544007,30.6,64,-0.057182744,29.200001,63,0.03629107,28.5,64,0.0439425,26.799999,64,-0.014980524,27,67,-0.13545011,26.299999,69,-0.20558983,25.9,65,-0.12917534,25.700001,68,-0.22210944,26,67,-0.24968641,0,2964.397329,2909.481652,3044.295217,3310.161637,3632.370266,3959.661396,4377.654503,4865.37378,5270.871478,5588.652679,6151.813552,5827.12212,6322.158231,6832.941564,7277.256326,8283.882207,8724.06965,9312.734586,10487.63855,11464.01815,12434.64847,13318.80593,12512.60037
Mongolia,,,30.299999,,,0,,,0,,,0,,,32.900002,,,0,,,0,,,0,,,0,100,-0.92641622,35.799999,101,-0.92866212,0,102,-0.92266512,0,104,-0.93859959,33.099998,113,-1.1610601,33.900002,110,-1.1096313,33.799999,111,-1.0345136,0,117,-1.1586112,32,118,-1.2917304,0,115,-1.270272,32.299999,120,-1.3467394,0,118,-1.2607604,32.700001,110,-1.1399177,0,121,-1.3658606,0,3434.314617,3555.144439,3643.610538,3802.166584,4008.493374,4335.971196,4883.732579,5357.262066,5944.022326,6667.241007,7320.552883,7184.470916,7631.145921,8998.687722,10346.01488,10685.71693,11198.3214,10769.25436,10832.48254,11431.49802,12342.03802,12986.37747,12320.27933
Morocco,76,-1.1155123,39.400002,74,-1.0414534,0,77,-0.91607153,40.599998,83,-1.0044317,0,86,-0.9489879,0,83,-0.88527977,0,83,-0.84254593,0,87,-0.8402133,0,82,-0.62782067,40.700001,89,-0.50113088,0,84,-0.4043656,0,82,-0.42270491,0,83,-0.49383637,0,82,-0.46567169,0,86,-0.50494874,0,91,-0.51277077,39.5,92,-0.44247034,0,86,-0.43723947,0,84,-0.47273543,0,86,-0.54184359,0,87,-0.52001774,0,84,-0.53459466,0,87,-0.58099037,0,3717.62793,3780.349854,3912.095703,4251.728027,4420.754883,4726.597656,5010.852051,5261.407715,5768.400391,6047.793457,6429.329102,6625.4375,6847.389648,7275.17041,7280.837891,7483.098145,7149.036133,7669.945313,7693.057129,7921.619141,8266.143555,8566.116211,7968.674316
Mozambique,,,0,,,0,,,0,,,0,,,47,,,0,89,-0.93989605,0,95,-1.0813394,0,98,-1.083082,0,105,-1.1184002,0,105,-1.0246917,45.599998,107,-1.0331697,0,110,-1.1810403,0,114,-1.2149152,0,115,-1.3195767,0,110,-1.0234935,0,111,-0.93421054,54,109,-0.87168789,0,110,-0.97581774,0,114,-1.180006,0,119,-1.2618068,0,114,-1.1957875,50.5,112,-1.1162709,0,426.6281913,471.6941829,476.2459162,532.2888017,575.8237473,611.4916224,660.1475357,707.5342894,779.8218903,840.7264304,895.7680755,933.218042,978.0725336,1041.454052,1051.382911,1098.261811,1149.878037,1300.828948,1370.244908,1287.234867,1323.979672,1339.688854,1302.513708
Myanmar,,,0,,,0,,,0,96,-1.4119303,0,95,-1.3641958,0,95,-1.4503583,0,100,-1.3710016,0,103,-1.4463395,0,102,-1.3716023,0,106,-1.2122147,0,108,-1.1588167,0,110,-1.2210023,0,114,-1.3612218,0,120,-1.3930684,0,114,-1.3089399,0,114,-1.0946242,0,114,-1.0064648,0,114,-1.1110399,38.099998,112,-1.0976899,0,109,-0.9953956,30.700001,105,-0.92253768,0,101,-0.88194424,0,103,-0.95941168,0,684.5910064,744.3107209,846.3641425,963.2530137,1081.810815,1234.626176,1428.782719,1659.971139,1924.228498,2206.869227,2483.725489,2743.731166,3033.085185,3301.955191,3631.575333,3872.500709,4104.83876,4200.876849,4120.737169,4312.947389,4665.816837,5034.362972,5224.199055
Namibia,,,0,,,0,,,0,,,0,61,-0.38898945,0,59,-0.31707913,63.299999,71,-0.4674412,0,73,-0.5811156,0,76,-0.47748572,0,85,-0.46688747,0,87,-0.48596397,0,83,-0.44507125,61,90,-0.58157897,0,90,-0.58070594,0,79,-0.42194033,0,79,-0.3835012,0,82,-0.35534838,0,83,-0.40746003,59.099998,94,-0.64174217,0,95,-0.71635914,0,88,-0.52633584,0,85,-0.53663832,0,84,-0.57408339,0,4842.293128,4955.170571,5126.589643,5197.381746,5437.066064,5698.276136,6487.933446,6778.632149,7392.815403,7901.464217,8156.669375,8116.32379,8579.840767,9061.271374,9458.791173,9863.584458,10609.20988,10783.27452,10582.81823,10335.26743,10512.97531,10434.09591,9548.232948
Netherlands,13,1.090772,0,15,1.0521709,28.1,17,1.0039158,0,18,1.068823,0,19,1.0156316,0,19,1.0117795,0,21,1.0013131,29.799999,22,0.95957416,29,22,0.96152091,30,22,0.99546534,29.6,22,1.0015955,29.299999,22,0.97020376,27.9,22,1.0254107,27.799999,25,1.060511,27.799999,25,1.0690655,27.6,23,1.070797,28.1,23,1.0601567,28.6,23,1.0660037,28.200001,23,1.0501885,28.200001,23,1.0836467,28.5,28,1.0164355,28.1,26,1.0203804,29.200001,28,0.96421927,26,27709.61439,29268.5361,31876.9544,33186.52627,34447.20532,34151.35354,35809.9829,37625.56171,41011.15264,43944.71378,46420.20168,44557.39386,45041.58371,46599.02103,47272.10302,49241.51784,49233.2154,50288.59139,52288.41508,55088.6338,57826.6285,60208.42217,59822.95427
New Zealand,27,0.61698252,0,30,0.52572626,0,31,0.4830988,0,32,0.50844455,0,33,0.44720703,0,32,0.4347187,0,34,0.46500775,0,36,0.4554652,0,38,0.45898363,0,45,0.40043914,0,48,0.36807981,0,47,0.33948225,0,50,0.27109525,0,48,0.27519485,0,48,0.26566654,0,47,0.33132774,0,48,0.36923262,0,49,0.29063758,0,50,0.23821864,0,51,0.21574511,0,49,0.26384157,0,49,0.2302413,0,50,0.16095889,0,19319.09049,20579.36592,21501.99843,22526.42478,23306.27954,23990.07928,25103.31711,25677.41908,27732.75555,29332.49916,29827.14255,30679.0352,31224.74899,32701.3786,32988.60976,36242.62123,37293.35679,37479.68298,39933.57444,42204.74574,42507.42881,45852.42302,45554.93294
Nicaragua,,,54.400002,,,0,,,0,,,52.900002,,,0,,,0,,,0,,,48.799999,91,-0.86280692,0,92,-0.7145893,0,91,-0.65727383,0,92,-0.65833759,43.900002,95,-0.81356919,0,103,-0.92276865,0,100,-0.84524208,0,102,-0.80680132,0,98,-0.65655059,46.200001,99,-0.71137458,0,97,-0.74305344,0,100,-0.80273724,0,99,-0.75564581,0,96,-0.73254669,0,96,-0.84087825,0,2451.609655,2621.39013,2750.781425,2857.252496,2886.835154,2981.697476,3186.572767,3384.227933,3584.173159,3814.355692,3964.338081,3802.917864,3959.969226,4234.827082,4392.628883,4567.401275,4889.214186,5230.543274,5618.051771,5915.375443,5772.179023,5627.033873,5523.544581
Niger,,,0,,,0,,,0,,,0,,,0,,,0,,,0,,,44.400002,,,0,,,37.299999,,,0,,,0,,,0,,,31.5,,,0,117,-1.2359792,0,115,-1.1377975,34.299999,117,-1.2430757,0,,,0,112,-1.119543,0,111,-1.080543,37.299999,111,-1.1490835,0,119,-1.3235357,0,792.6160101,775.1322482,756.755653,801.8455647,825.2389504,830.1828814,825.7364864,881.8535418,928.7961781,948.6949447,1004.08365,992.9138483,1051.090318,1057.839871,1148.395343,1118.349114,1134.741716,1138.113651,1146.010418,1155.973559,1221.952421,1269.079286,1282.577817
Nigeria,89,-1.9685628,0,91,-1.9702443,0,95,-2.1290588,0,102,-1.9946545,0,100,-1.6236171,0,100,-1.6571685,40.099998,107,-2.0988436,0,109,-2.1891878,0,112,-2.2489727,0,118,-2.0796487,0,121,-1.9589971,0,121,-2.0310709,0,123,-1.9137874,35.700001,126,-1.9123704,0,126,-1.7858715,35.5,129,-1.6713645,0,128,-1.6529934,0,123,-1.4685994,35.900002,113,-1.1958476,0,126,-1.5397614,0,126,-1.7280177,35.099998,125,-1.5346986,0,124,-1.570628,0,2203.581774,2191.258739,2292.841832,2418.266344,2757.452332,2938.271484,3208.585866,3428.652416,3648.90381,3887.736752,4116.828423,4355.769088,4632.131313,4843.604555,4899.529196,5136.645243,5415.86121,5342.035991,5159.580444,5120.005598,5212.138871,5291.66297,5137.598402
North Macedonia,50,-0.14396331,0,,,0,54,-0.07850334,0,,,0,,,0,,,0,57,-0.22790016,0,60,-0.25012413,0,59,-0.16695197,0,65,-0.063628316,0,62,-0.022841297,0,62,-0.002364329,42.799999,63,-0.0401778,40.200001,68,-0.10957594,39.400002,65,-0.079132549,38.099998,61,0.062254176,36.200001,61,0.13643274,35.200001,61,0.10535432,35.599998,59,0.069790617,34.5,59,0.045315515,34.200001,55,0.13611165,33,53,0.14816548,33.5,48,0.19064191,0,5448.324692,5724.447332,6152.640084,6050.867161,6395.226348,6595.776842,7172.06358,7848.882967,8688.95708,9351.977352,10521.89361,11010.61134,11360.93945,11689.93585,11915.65855,12727.32045,13434.84875,13888.30114,15137.93452,15706.4827,16796.38792,18007.18476,17324.85624
Norway,15,0.99751657,0,20,0.88425928,0,24,0.80602527,27.4,24,0.84556001,0,27,0.68624836,0,27,0.73705697,27.6,24,0.84233832,31.6,23,0.90599871,30.6,24,0.82255435,26.4,30,0.68754655,27.1,33,0.67206627,27,34,0.62669998,26.200001,34,0.65077466,25.700001,35,0.59379494,25.299999,34,0.65323502,25.700001,32,0.83625543,26.4,36,0.66025877,26.799999,34,0.61907762,27.5,34,0.70311683,28.5,34,0.69364756,27,37,0.60759276,27.6,38,0.61178607,27.700001,39,0.55189329,0,28199.28267,30573.73422,36988.9288,37829.55904,38056.24043,38684.52461,42671.96489,47966.86401,54366.00639,56175.65609,62072.75399,55620.83798,58226.71392,62460.09082,65774.35207,67377.92623,66332.46144,60737.88681,59280.1992,64589.55592,70253.84637,69916.37683,65130.17219
Oman,75,-1.1078477,0,73,-1.0285959,0,78,-0.97512281,0,74,-0.63738912,0,71,-0.58714682,0,79,-0.78085339,0,80,-0.7305721,0,85,-0.76160049,0,86,-0.68321925,0,86,-0.47520825,0,89,-0.51863086,0,91,-0.61849535,0,88,-0.5428651,0,79,-0.45284194,0,83,-0.48501045,0,82,-0.4136211,0,87,-0.42864591,0,79,-0.349453,0,79,-0.39911723,0,74,-0.33902207,0,79,-0.39115685,0,77,-0.38197985,0,77,-0.41034362,0,36711.95949,36821.77077,39581.10022,41745.80645,41423.69968,40641.55946,41633.93375,43198.02195,46090.09979,48588.55876,52665.02527,55272.62223,53255.60642,50267.64686,50308.46282,47520.07375,44573.97419,36449.08849,33800.29205,34218.38813,35034.58586,35248.2074,34952.16348
Pakistan,83,-1.4250253,33.099998,83,-1.2433109,0,82,-1.0425409,0,84,-1.0266881,28.700001,87,-0.97982979,0,84,-0.91088295,0,87,-0.89625269,30.9,86,-0.81757969,31.299999,84,-0.64762318,0,81,-0.44394878,29.700001,73,-0.25040436,0,75,-0.28501225,0,76,-0.36578014,28.799999,88,-0.55494076,29.700001,92,-0.60534722,0,92,-0.53153759,29.5,93,-0.48866436,0,91,-0.49794275,31.299999,83,-0.47107258,0,84,-0.49337313,0,86,-0.51591736,29.6,88,-0.56155658,0,82,-0.536093,0,2576.555869,2632.174972,2721.480548,2793.965213,2836.617371,2993.446497,3232.708978,3475.586614,3715.387499,3915.452683,3970.971281,4018.992583,4040.590849,4149.384358,4189.268563,4302.063747,4474.062166,4652.609874,4733.546102,4891.719774,5236.364249,5376.284117,5284.664584
Panama,59,-0.43188193,57.5,58,-0.3074916,56.5,56,-0.12893094,56.599998,55,-0.12887312,56.700001,55,-0.18334574,56.099998,56,-0.22722189,55.700001,54,-0.15653439,54.799999,56,-0.1764054,53.799999,56,-0.048595354,54.599998,53,0.17751838,52.700001,45,0.39548367,52.700001,43,0.46041918,51.799999,38,0.4646664,51.599998,33,0.71646816,51.299999,32,0.75617546,51.700001,35,0.68616396,51.5,34,0.72029698,50.5,36,0.60995734,50.799999,36,0.56465656,50.400002,36,0.64299548,49.900002,40,0.54327196,49.200001,44,0.42085406,49.799999,57,0.074295051,0,8219.35964,8491.168043,8745.173627,8819.342918,8980.525416,9361.077203,10138.78845,10996.59285,12087.4644,13646.45312,15000.63929,15009.32364,15789.82942,17624.98339,19441.13066,21646.1031,23807.68731,26316.92455,28918.98814,31638.15192,33034.75138,34178.9238,28096.61231
Papua New Guinea,,,0,88,-1.6508367,0,90,-1.5402356,0,100,-1.7234275,0,101,-1.6603428,0,99,-1.642855,0,106,-1.7027093,0,107,-1.6178062,0,109,-1.7004849,0,117,-1.9758843,0,118,-1.8583677,0,118,-1.8317521,41.900002,121,-1.8485963,0,125,-1.683364,0,116,-1.3322518,0,118,-1.3198009,0,119,-1.196776,0,127,-1.6615797,0,125,-1.6639166,0,127,-1.7895142,0,127,-1.8263832,0,126,-1.5929151,0,125,-1.5944248,0,2297.030108,2291.227116,2207.154102,2178.908925,2136.57377,2153.3938,2198.396023,2334.890552,2457.951525,2637.961804,2599.123255,2709.805326,2930.769648,2938.249398,3046.783671,3133.190249,3530.499072,3704.96272,3851.264927,3967.016196,3957.928658,4115.37039,3951.24593
Paraguay,,,0,,,54.599998,60,-0.21935593,0,66,-0.477918,54.599998,69,-0.57874721,57.299999,72,-0.59974658,54.900002,73,-0.55911863,52.299999,74,-0.58248764,51.400002,78,-0.56738913,53,83,-0.44838741,53,82,-0.36860064,50.700001,84,-0.45271301,49.099998,87,-0.54282612,51,87,-0.55168062,52.299999,89,-0.55146331,47.599998,86,-0.45464444,47.900002,78,-0.3093622,50.700001,87,-0.45472822,47.599998,80,-0.39949918,47.900002,80,-0.42338374,48.5,77,-0.36353418,46,75,-0.36286852,45.700001,72,-0.34957874,43.5,7191.823537,7046.721298,6905.251941,6884.074506,6890.741252,7238.952804,7644.806732,7963.716614,8514.231358,9126.942685,9809.754936,9747.690257,10833.90104,11384.37218,10861.36023,11992.08303,12411.30209,12436.23468,13024.14989,13604.17472,14181.42515,14186.92718,14063.2737
Peru,64,-0.67286372,55.099998,64,-0.62804633,54.799999,66,-0.57093173,49.099998,75,-0.70004344,51.299999,78,-0.75539786,53.599998,78,-0.77950925,53.099998,84,-0.85235798,49.900002,84,-0.75817955,50.5,87,-0.6916306,50.299999,87,-0.49679816,50,85,-0.41149336,47.5,85,-0.46262437,47,91,-0.61265737,45.5,89,-0.57839179,44.700001,81,-0.48277864,44.400002,87,-0.45612276,43.900002,89,-0.43488535,43.099998,92,-0.50763845,43.400002,92,-0.59494549,43.599998,89,-0.60499513,43.299999,91,-0.62289333,42.400002,92,-0.64904869,41.599998,94,-0.80057073,43.799999,4776.20582,4834.647834,5000.778712,5076.387272,5373.09604,5647.669109,6027.773555,6548.048287,7198.505639,7961.296296,8791.258632,8881.925515,9664.271272,10400.94848,10679.79775,11196.37773,11410.32919,11481.46456,11933.60033,12442.74646,13001.46125,13275.28157,11813.98844
Philippines,69,-0.94252551,0,69,-0.78902596,0,65,-0.49751443,47.700001,64,-0.39233866,0,56,-0.19296986,0,53,-0.14442335,46.599998,53,-0.15567434,0,55,-0.15309745,0,54,-0.020761719,47.200001,50,0.21305837,0,50,0.26055071,0,52,0.22158962,46.299999,47,0.29316002,0,44,0.39935371,0,43,0.42550984,46.5,43,0.43547142,0,41,0.54950291,0,41,0.46530536,44.599998,40,0.47565001,0,35,0.67315763,0,34,0.67984003,42.299999,34,0.69578212,0,34,0.68619555,0,3215.258639,3292.028743,3437.108698,3545.85068,3658.689755,3842.346618,4121.951561,4375.79507,4661.962612,5005.591015,5224.590999,5236.977571,5587.066137,5818.593668,6244.177924,6559.712776,6905.113046,7122.724735,7614.773193,8001.75648,8566.84956,9102.189238,8208.669386
Poland,31,0.53322035,0,29,0.59564763,0,27,0.6193676,0,27,0.69795913,0,26,0.73190689,0,29,0.72198468,0,27,0.75942582,38,26,0.77488983,35.799999,26,0.81300646,34.700001,25,0.85714114,34,24,0.86061317,33.5,26,0.86644417,33.400002,27,0.868146,33.200001,27,0.9403224,33.200001,27,0.9510361,33,27,0.9593271,33.099998,28,0.95212579,32.799999,25,1.0148623,31.799999,24,1.0472252,31.200001,26,1.056976,29.700001,22,1.0950092,30.200001,25,1.0490265,28.799999,25,1.0377411,0,9487.972128,10040.89838,10674.18236,11121.85163,11804.26626,12289.08262,13353.75507,13896.79338,15151.36172,16804.96406,18303.35292,19240.13434,20889.75531,22658.37732,23589.14757,24319.88029,25316.33154,26822.66425,28165.83655,29958.12071,32027.60273,34976.04445,35315.71726
Portugal,45,-0.05304176,0,42,0.093951799,0,38,0.19819011,0,36,0.28933868,0,36,0.34345829,0,36,0.31081977,38.799999,37,0.42443624,38.900002,37,0.42013815,38.5,37,0.47712228,38.099998,37,0.58130836,36.799999,35,0.60059482,36.599998,35,0.57275683,34.900002,35,0.53721601,35.799999,37,0.5732426,36.299999,36,0.56795341,36,36,0.61528629,36.200001,35,0.66348302,35.599998,35,0.61829317,35.5,35,0.64462143,35.200001,37,0.61588901,33.799999,35,0.629996,33.5,36,0.63085085,32.799999,38,0.59175044,34.700001,16687.45083,17718.15157,18880.31493,19528.64083,20356.6473,20852.14703,21477.95324,22725.27749,24681.1381,25736.35002,26665.8373,26459.1641,27260.55351,26769.51189,26438.0163,27936.03966,28742.44038,29660.89607,31607.75424,33044.71674,34928.54353,37299.28777,34955.70549
Qatar,86,-1.5249035,0,85,-1.3881152,0,86,-1.2657185,0,86,-1.0764669,0,79,-0.78556538,0,81,-0.85237396,0,62,-0.29743171,0,57,-0.23069991,0,63,-0.23093373,0,70,-0.17052977,0,80,-0.31353039,0,80,-0.39554399,0,93,-0.69709271,0,85,-0.50726056,0,84,-0.49258691,0,81,-0.39693132,0,88,-0.43411481,0,75,-0.26478866,0,74,-0.33747199,0,81,-0.42351586,0,84,-0.50733882,0,67,-0.21901082,0,62,-0.067729495,0,0,0,88707.29419,89675.055,92911.48311,93630.20531,110286.9632,112073.1006,121877.5941,121689.4537,124470.952,125789.1041,143070.2105,157255.3942,163219.492,158675.8127,143332.9077,98787.37849,84998.46792,92177.59594,93660.40729,94693.07726,94005.35835
Romania,41,0.11255614,0,40,0.14078683,0,39,0.18100695,0,44,0.17443143,0,43,0.17042093,0,40,0.23323525,0,43,0.21161801,0,40,0.31294417,0,39,0.43980315,39.599998,33,0.65336633,37.5,30,0.76893067,36.400002,30,0.80261934,35.599998,31,0.80334842,35.5,32,0.77116048,35.900002,35,0.64925855,36.5,33,0.78055716,36.900002,29,0.86990899,36,29,0.93577403,35.900002,29,0.93009979,34.400002,29,0.99249214,36,25,1.0548022,35.799999,24,1.0724748,34.799999,24,1.0865073,34.599998,5544.554779,5596.447063,5848.877956,6519.707196,7162.365778,7560.294984,8990.399097,9602.104759,11554.97089,13701.64334,16782.19301,16632.78266,17355.85141,18802.95232,19809.18751,19677.10766,20632.22127,21624.52338,23904.70386,26943.34774,29568.18681,33066.60951,33336.1811
Russian Federation,19,0.92033964,38.099998,24,0.75689042,37.400002,21,0.863814,37.099998,25,0.81025565,36.900002,25,0.75921941,37.299999,24,0.82003236,40,29,0.71255821,40.299999,29,0.68169224,41.299999,30,0.65055567,41,38,0.55949932,42.299999,42,0.42579988,41.599998,48,0.33116794,39.799999,48,0.27803227,39.5,47,0.28830108,39.700001,47,0.30414733,40.700001,46,0.33986297,40.900002,53,0.24294855,39.900002,57,0.14395231,37.700001,55,0.1517957,36.799999,53,0.19369377,37.200001,52,0.1752506,37.5,51,0.19493549,37.700001,49,0.18725443,36,5465.056152,5914.326172,6825.391602,7361.36377,8037.474609,9254.537109,10226.7666,11822.34668,14912.23438,16648.24219,20163.60938,19389.94141,20490.12695,22798.67383,24303.47266,26073.875,25761.64844,24085.32422,24128.08594,25926.44336,28821.26172,30067.74023,30011.57422
Saudi Arabia,49,-0.14199781,0,62,-0.47911325,0,58,-0.16496706,0,46,0.11724945,0,50,0.034407675,0,49,-0.045708686,0,49,0.015692035,0,46,0.13934101,0,52,0.092932209,0,56,0.057299748,0,65,-0.060869083,0,68,-0.20264743,0,60,0.00905235,0,52,0.21163183,0,57,0.11139495,0,52,0.24659501,0,56,0.21984842,0,44,0.43513274,0,45,0.37288302,0,42,0.51504618,0,42,0.52242768,0,37,0.61517811,0,35,0.61063576,0,38104.05429,36236.23153,38164.99057,37612.28615,36239.67026,40172.81747,43572.48822,46012.76165,46862.72202,47129.53069,49106.00082,46624.80974,47999.00814,53049.873,54696.2153,53883.87883,54356.17015,48173.84451,45602.60398,47551.85952,48861.1878,49018.9099,47278.69302
Senegal,,,0,,,0,,,0,,,41.200001,,,0,,,0,,,0,,,39.200001,,,0,71,-0.18975329,0,77,-0.26323491,0,79,-0.36968642,0,85,-0.51793253,0,83,-0.49168023,40.299999,85,-0.49661624,0,89,-0.48003158,0,85,-0.40427145,0,90,-0.49587357,0,87,-0.50930327,0,85,-0.54175055,0,89,-0.61214042,38.299999,95,-0.71993303,0,95,-0.81507784,0,1845.144716,1943.17985,2016.430921,2100.1589,2083.42887,2188.880041,2293.924038,2405.907614,2472.756369,2543.524756,2618.327075,2636.115311,2684.494063,2702.261062,2774.647024,2780.113684,2872.119811,3017.350576,3126.431885,3259.19258,3449.84793,3575.974691,3574.016928
Serbia,,,0,,,0,,,0,,,0,,,0,,,0,,,0,,,0,40,0.40826905,0,39,0.52351588,0,36,0.56191683,0,41,0.46707177,0,41,0.45321783,0,42,0.42643484,0,41,0.45372477,39.900002,39,0.56091744,39.5,38,0.6030165,40.5,38,0.57765806,40.5,39,0.51696581,38.799999,40,0.5450002,36.200001,36,0.61348993,35,35,0.65599918,34.5,36,0.59881151,35,5997.438917,5528.760033,6019.914888,6483.012114,7224.61832,7646.134655,8487.645206,9181.688301,10207.72293,11237.49744,12632.08198,12534.66564,12798.15536,13746.91302,13933.83062,14629.02764,14659.61688,14928.43681,15858.01082,16611.04793,17717.99113,19404.92844,19557.57637
Sierra Leone,,,0,,,0,,,0,,,0,,,0,,,40.200001,,,0,,,0,,,0,,,0,,,0,,,0,,,0,,,34,,,0,,,0,116,-1.1452063,0,,,0,,,0,,,0,,,35.700001,,,0,,,0,649.2918644,641.7794039,683.3500873,617.6212588,749.9219154,804.2633009,850.3681806,891.0598544,937.0499156,1016.499938,1065.10659,1076.47129,1129.798036,1190.098461,1385.227367,1721.257378,1756.728336,1567.982054,1641.301968,1593.515322,1649.036342,1726.069487,1675.212571
Singapore,23,0.7593357,0,18,0.93980068,0,15,1.1127875,0,11,1.3132151,0,14,1.3022423,0,14,1.3178447,0,11,1.4773221,0,10,1.618153,0,10,1.4652395,0,9,1.4482161,0,9,1.4920222,0,6,1.6081285,0,5,1.7699958,0,5,1.807189,0,5,1.9013727,0,5,1.7252386,0,6,1.710016,0,6,1.7953247,0,6,1.7770984,0,5,1.8828748,0,6,1.849368,0,6,1.8546398,0,6,1.9194154,0,37557.02522,39943.71835,43775.87265,43104.28273,45080.26634,48774.72472,54377.34385,58814.91445,64054.27086,68793.70978,67718.4183,66212.31751,75389.76818,80052.3915,82064.96119,83001.7878,84423.19134,86974.74762,89495.01545,95334.14557,100642.7522,102630.9331,100226.3685
Slovak Republic,18,0.95828635,0,17,0.97866011,0,20,0.93194813,0,19,1.0065092,0,20,0.9958657,0,20,0.99833971,0,20,1.0320268,27.1,18,1.0821441,29.299999,18,1.092222,25.799999,18,1.1050675,24.700001,18,1.1239743,26,18,1.1519542,27.200001,18,1.154526,27.299999,19,1.1683819,26.5,21,1.1344802,26.1,20,1.1788898,28.1,20,1.1762391,26.1,21,1.1681356,26.5,21,1.0912374,25.200001,22,1.1086056,23.200001,20,1.1780627,25,20,1.1922104,23.200001,20,1.2032915,0,10623.25771,10714.17713,11378.75918,12388.36608,13312.20331,14181.82527,15226.41935,16639.39412,18912.80029,21225.06335,23725.85776,23080.81038,25401.74588,26258.82863,26994.05775,28019.05884,29029.07823,30054.12184,29737.5708,30142.36745,31369.79883,33453.29276,32922.07476
Slovenia,16,0.97472888,0,16,1.039601,0,16,1.0982828,0,17,1.1891544,0,15,1.2750878,0,12,1.3603953,0,13,1.419058,24.799999,12,1.429952,24.6,11,1.4485687,24.4,11,1.4272447,24.4,11,1.4312522,23.700001,11,1.4413904,24.799999,13,1.5161676,24.9,11,1.5635943,24.9,12,1.5111405,25.6,11,1.5529464,26.200001,10,1.5930876,25.700001,11,1.5386947,25.4,10,1.5173999,24.799999,11,1.5394495,24.200001,10,1.5660366,24.6,11,1.571937,24.4,8,1.6128049,24,16056.41678,17083.25172,18004.68253,18951.82334,20241.52568,21113.45193,22761.05931,23852.64304,25718.7622,27573.64458,29604.29147,27538.01444,27825.47649,28931.38332,29042.82027,29973.69935,30870.02367,31628.24718,33936.04406,36507.55304,38971.82412,42088.73107,40871.82526
South Africa,29,0.58715874,0,33,0.46056736,0,35,0.36893108,57.799999,37,0.24289615,0,39,0.25728187,0,37,0.3096441,0,39,0.25306243,0,41,0.28116864,64.800003,42,0.2936388,0,49,0.23826964,0,51,0.23622036,63,54,0.18464342,0,56,0.14248987,63.400002,55,0.15896951,0,50,0.23325895,0,54,0.24273992,0,54,0.2355344,63,60,0.11862238,0,63,0.040355187,0,63,-0.037902288,0,60,0.003748123,0,59,0.060549527,0,59,-0.036964551,0,7523.430932,7726.200459,8154.200276,8487.529555,8857.792814,9213.44244,9799.580741,10540.13714,11364.20166,12172.91425,12658.03424,12394.93436,12771.91051,13281.50389,13138.02985,13559.84057,13556.03282,13581.75528,13696.16357,13950.45348,14326.65026,14439.69412,13533.77625
South Sudan,,,0,,,0,,,0,,,0,,,0,,,0,,,0,,,0,,,0,,,0,,,0,,,46.299999,,,0,,,0,,,0,,,0,133,-2.1613379,0,132,-2.3037987,0,127,-2.2434893,44.099998,129,-2.170125,0,129,-2.2125494,0,129,-1.9911922,0,,,0,0,0,0,0,0,0,0,0,0,0,2884.610804,2915.534161,2957.196538,2730.005127,1435.679233,1957.284349,1407.699028,1181.931603,0,0,0,0,0
Spain,21,0.82173276,34.599998,22,0.83323902,33.799999,22,0.86054063,34.099998,21,0.91938239,0,23,0.91149586,0,23,0.87427211,31.799999,23,0.89086068,33.299999,24,0.82842726,32.400002,23,0.8297593,33.5,24,0.87943643,34.099998,27,0.84425849,34.200001,29,0.82667398,34.900002,30,0.80661809,35.200001,30,0.83692914,35.700001,31,0.79943407,35.400002,31,0.85173196,36.200001,30,0.8556186,36.099998,30,0.82231665,36.200001,31,0.75842988,35.799999,31,0.75039291,34.700001,33,0.74076247,34.700001,33,0.74952245,34.299999,33,0.69695574,34.900002,19097.06341,19954.29022,21588.42375,22953.57157,24371.59885,25047.39727,26143.76871,27606.93405,30718.21884,32473.65389,33263.2724,32092.72206,31681.10055,31867.97324,31720.27382,32444.46119,33540.35717,34919.38725,37305.62915,39550.18908,40716.68076,43108.7687,37988.02953
Sri Lanka,80,-1.303414,0,78,-1.1125633,0,74,-0.88861066,0,77,-0.78119868,0,76,-0.7075156,40.200001,75,-0.69405615,0,79,-0.72436792,0,78,-0.67600954,0,79,-0.58132839,39.700001,77,-0.37838262,0,76,-0.25579768,0,73,-0.27775794,36.099998,79,-0.43801183,0,73,-0.3278611,0,76,-0.386962,38.700001,75,-0.30668446,0,74,-0.23494621,0,77,-0.31280619,0,71,-0.25464952,39.299999,72,-0.33048075,0,74,-0.24856138,0,72,-0.2944113,37.700001,76,-0.39280564,0,3959.264322,4163.142899,4487.442413,4483.270409,4686.491566,5012.386524,5375.052599,5834.70903,6411.820695,6959.844283,7438.70424,7676.830282,8316.305196,9140.504317,10319.39616,10952.89285,11452.47372,11998.20251,12921.05497,13544.51899,14083.68639,14217.46866,13664.22666
Sudan,,,0,,,0,,,0,98,-1.4847282,0,96,-1.4186468,0,97,-1.5484689,0,101,-1.4354548,0,108,-1.9036971,0,111,-1.8279346,0,116,-1.9646887,0,117,-1.8113583,0,120,-2.0062511,35.400002,122,-1.9095026,0,128,-2.1214554,0,128,-1.9254763,0,128,-1.6569892,0,124,-1.3660337,34.200001,124,-1.4859045,0,120,-1.4010524,0,124,-1.5276752,0,121,-1.4232025,0,124,-1.4401768,0,123,-1.4739918,0,2534.319824,2586.206543,2732.028564,2892.32251,3030.687012,3198.496582,3360.796143,3558.002197,3789.271729,3985.380371,4086.007324,3876.257813,3954.468994,4293.562012,3917.820557,3953.738037,4544.037109,4519.487305,4813.868652,4613.950195,4453.767578,4308.421387,4091.842285
Sweden,4,1.825703,0,5,1.7595574,0,4,1.740302,27.200001,4,1.8905008,0,4,1.8499411,25.799999,4,1.839221,25.299999,4,1.9123101,26.1,4,1.8552804,26.799999,4,1.7274863,26.4,5,1.5961916,27.1,5,1.5913409,28.1,5,1.6096401,27.299999,7,1.6683621,27.700001,7,1.651238,27.6,8,1.6653495,27.6,7,1.7139598,28.799999,7,1.703028,28.4,7,1.6594081,29.200001,8,1.5744128,29.6,7,1.6080704,28.799999,9,1.5791767,30,10,1.5754914,29.299999,11,1.5836047,28.9,25888.43883,27471.55827,29623.99119,29933.34453,30926.5056,31816.4701,33858.8045,34244.46502,37727.72488,40910.32369,42158.2957,40279.87701,42221.7582,44608.58026,45432.43197,46312.39238,47184.66913,49103.13343,50430.25282,51947.95425,53521.63064,56404.3002,56140.5524
Switzerland,3,1.8446016,0,3,1.7730747,0,3,1.8064219,33.400002,3,1.9689652,0,2,2.032295,31.700001,3,1.9905236,0,3,1.9825921,0,3,1.9802574,0,3,1.8978915,33.900002,3,1.7598617,34.299999,3,1.7270832,33.799999,3,1.7730982,32.900002,2,1.9338717,32.599998,2,2.0734291,31.700001,2,2.1486666,31.6,2,2.1491361,32.5,2,2.103904,32.5,2,2.1223061,32.299999,2,2.0941923,33,3,2.0834517,32.700001,3,2.0823035,33.099998,3,2.085505,0,3,2.1140347,0,33858.67211,34742.63186,36697.62804,37819.01436,38704.95846,38737.12724,40175.64457,41524.84887,46272.85795,50924.37295,53808.78411,52973.46324,54438.9787,57493.58106,59440.91586,61656.46617,63417.04372,65265.04573,67350.75187,68193.50549,70688.81875,72668.74711,70810.82069
Syrian Arab Republic,82,-1.4143158,0,81,-1.1781185,0,84,-1.2023261,0,87,-1.0912545,0,89,-1.1222941,0,86,-0.96588755,37.5,81,-0.76623386,0,79,-0.68543464,0,81,-0.61204565,0,78,-0.41792172,0,79,-0.29782629,0,72,-0.27413142,0,73,-0.31930909,0,76,-0.42119706,0,75,-0.38380757,0,78,-0.37137097,0,66,-0.023271639,0,,,0,,,0,,,0,,,0,,,0,,,0,0,0,0,0,0,0,0,0,0,0,0,0,0,0,0,0,0,0,0,0,0,0,0
Tanzania,,,0,,,0,,,37.299999,,,0,,,0,,,0,99,-1.3135483,0,98,-1.252088,0,97,-1.0780876,0,97,-0.83007318,40.299999,93,-0.68542981,0,94,-0.70027769,0,94,-0.74713773,0,101,-0.8877852,37.799999,96,-0.7841503,0,100,-0.72523314,0,102,-0.76552659,0,110,-0.90687257,0,105,-0.88285005,0,106,-0.91289854,0,82,-0.45137787,40.5,83,-0.51425409,0,85,-0.57461077,0,1074.710693,1113.147217,1156.62793,1220.888062,1293.652222,1370.328247,1472.281006,1587.423706,1695.14209,1807.446411,1894.538574,1957.614746,2052.958496,2193.044434,2067.22168,2160.780029,2206.361084,2301.802734,2418.739014,2457.618408,2571.166992,2687.116455,2694.42627
Thailand,61,-0.50947666,41.5,55,-0.2741161,43.099998,52,-0.046227533,42.799999,45,0.11778582,0,45,0.14704871,41.900002,42,0.17986909,0,38,0.32827049,42.5,38,0.38144469,0,36,0.47772816,41.799999,36,0.61548197,39.799999,32,0.69827878,40.299999,32,0.75154102,39.599998,32,0.79931098,39.400002,29,0.86103195,37.5,28,0.9430058,39.299999,28,0.92969429,37.799999,27,0.98401457,37,26,1.0133774,36,28,0.97096032,36.900002,28,1.0050484,36.5,29,0.97762656,36.400002,28,1.0098742,34.900002,27,0.96647096,35,6565.351326,6884.527656,7281.412781,7631.319331,8153.46134,8835.846909,9564.791425,10198.16013,10952.19941,11769.52507,12111.37185,12018.17363,12988.92968,13284.11978,14586.90662,15090.09836,15143.39573,15466.76063,16231.25449,17008.03842,18093.81978,18760.4124,17810.25075
Togo,,,0,,,0,,,0,,,0,,,0,,,0,,,0,,,0,,,42.200001,,,0,,,0,86,-0.49176717,0,92,-0.65461797,0,93,-0.71804744,46,98,-0.80874979,0,98,-0.67518783,0,95,-0.58602446,0,95,-0.60420924,43.099998,88,-0.52479362,0,96,-0.75121444,0,98,-0.75467473,42.5,93,-0.68432933,0,92,-0.77299929,0,1303.71243,1316.02847,1297.945854,1302.386711,1337.907298,1418.538761,1404.985341,1346.022786,1384.891425,1365.325809,1407.326987,1453.634814,1519.688182,1607.271891,1630.815193,1696.117351,1767.917521,1860.734811,1915.58503,1972.697196,2072.749612,2161.053625,2179.75656
Tunisia,74,-1.097368,0,76,-1.0734465,0,71,-0.75062442,40.799999,68,-0.52831465,0,65,-0.46897188,0,64,-0.46579042,0,69,-0.43209386,0,67,-0.3995268,37.700001,64,-0.23913091,0,60,-0.004393657,0,58,0.068153709,0,58,0.077052824,0,55,0.14734274,35.799999,51,0.22684048,0,55,0.13223349,0,58,0.16967444,0,52,0.24461539,0,50,0.26946872,32.799999,49,0.25777838,0,48,0.27504,0,48,0.28609559,0,48,0.27128041,0,51,0.15738869,0,5500.896397,5849.127168,6196.743385,6509.908138,6632.818604,7012.839785,7576.978017,8012.211589,8613.620208,9353.557873,9843.913324,10109.96028,10428.54143,10297.42359,10416.94644,10438.94787,10671.9324,10471.21333,10634.50162,10874.94689,11312.23929,11585.15218,10602.52127
Turkiye,52,-0.2152857,0,52,-0.14357471,0,53,-0.060376864,0,51,-0.023688132,0,51,-0.022189816,41.400002,51,-0.088798597,42.200001,50,-0.046519283,41.299999,49,0.081403397,42.599998,46,0.23691158,39.599998,42,0.42721304,38.400002,41,0.48850977,39,38,0.49017161,39,39,0.45573464,38.799999,40,0.44628975,40,40,0.4582192,40.200001,41,0.51448715,40.200001,40,0.55027997,41.200001,40,0.51907468,42.900002,38,0.52295852,41.900002,38,0.55604166,41.400002,38,0.56865847,41.900002,39,0.57305223,41.900002,37,0.59842879,0,8969.441102,8649.614773,9499.571644,9156.526738,9281.087739,9587.557951,10854.4422,11863.85563,13580.72937,14799.37364,15977.79327,15402.87017,17333.20043,19604.09771,20599.64838,22248.05374,23817.97178,25392.28737,26122.1133,27582.83235,27802.54778,27708.43079,27724.38862
Turkmenistan,,,40.799999,,,0,,,0,85,-1.0719665,0,85,-0.93499863,0,91,-1.2523772,0,97,-1.2861617,0,100,-1.328034,0,100,-1.2172548,0,103,-1.0116215,0,103,-0.97013229,0,103,-0.94358319,0,101,-0.89020818,0,109,-1.0138934,0,124,-1.531287,0,130,-1.7075678,0,120,-1.2133932,0,113,-1.0849273,0,107,-0.90486574,0,116,-1.2009348,0,110,-1.0772568,0,109,-1.1000522,0,100,-0.90136963,0,3415.071547,3972.272296,4220.621266,4439.092931,4458.432461,4635.825383,4935.246741,5675.739801,6403.447605,7200.813412,8293.641207,8717.714297,9475.02067,10901.52652,11635.79462,12295.33444,13022.10516,13213.05015,13375.22898,13703.51272,14665.42816,15628.45773,0
Uganda,,,0,,,43,,,0,,,0,,,45.200001,,,0,,,0,,,42.900002,,,0,,,0,83,-0.40219757,0,87,-0.51745903,44.200001,80,-0.46485901,0,86,-0.52590907,0,82,-0.48278919,41,80,-0.38720086,0,77,-0.30253226,0,88,-0.46286741,0,81,-0.4041824,42.799999,90,-0.61979389,0,93,-0.67582279,0,94,-0.69558424,42.700001,99,-0.89117557,0,1035.657787,1098.687716,1123.109496,1171.717419,1254.29859,1320.012354,1405.512288,1497.231228,1660.760428,1795.67184,1932.104554,2017.066703,2094.433582,2271.727824,2030.650958,2038.312988,2121.454381,2171.237146,2141.124329,2128.396869,2239.481676,2345.44067,2365.988411
Ukraine,22,0.77960509,0,25,0.66288131,0,29,0.60741156,0,28,0.63385737,0,28,0.66883987,29,28,0.7320503,28.700001,31,0.59352517,28.9,30,0.63083619,29,35,0.5453968,29.799999,40,0.52108854,27,40,0.490062,26.6,42,0.46152651,25.299999,44,0.38862392,24.799999,39,0.4472636,24.6,42,0.43780902,24.700001,40,0.53525311,24.6,42,0.49396279,24,43,0.44518486,25.5,48,0.30691582,25,49,0.26117471,26,46,0.31849214,26.1,47,0.2830992,26.6,44,0.31263143,25.6,3811.875977,3894.403809,4260.276855,4789.681641,5172.960449,5824.124512,6736.79541,7214.111816,8054.040039,9004.879883,9434.435547,8093.555664,8559.929688,9246.769531,9705.358398,11111.05176,10743.58594,10164.32715,11148.19629,11860.56055,12633.51367,13348.02832,13102.7959
United Arab Emirates,70,-0.96283966,0,67,-0.69764417,0,70,-0.68789274,0,63,-0.39099696,0,67,-0.48439601,0,62,-0.40224782,0,56,-0.20407867,0,59,-0.2351421,0,55,-0.024441006,0,61,-0.033620253,0,70,-0.15487726,0,70,-0.22187878,0,67,-0.20693533,0,64,-0.043416452,0,61,-0.00014994,0,64,0.026354888,32.5,62,0.11876999,0,59,0.11927857,0,57,0.11793318,0,58,0.059286624,0,59,0.047966845,26,56,0.1238374,0,53,0.13883518,0,89110.14439,87692.02493,94015.70919,92431.19149,91407.18412,96633.02264,103821.8314,104732.0537,103625.976,91608.32222,80959.46072,67508.58601,65411.94004,70619.31585,74853.5751,75877.99796,78859.08912,69705.70486,68853.81977,71182.37072,73270.67158,74826.51842,71458.63852
United Kingdom,5,1.7595513,36.599998,4,1.7601416,36.799999,5,1.7343799,38.799999,6,1.8073227,37.099998,6,1.7605747,35.099998,6,1.7228169,34.900002,6,1.7701495,34.799999,6,1.7454097,35.5,7,1.6479335,35.900002,8,1.5389148,34.400002,6,1.5601633,35.400002,7,1.6069354,35.099998,6,1.6753875,33.700001,6,1.679812,33.200001,7,1.6822264,33.099998,9,1.6276934,32.700001,11,1.5567997,33.099998,10,1.5645279,33.299999,11,1.5144197,33.099998,9,1.5839132,32.599998,11,1.5470133,33.700001,9,1.5868645,32.799999,10,1.5851926,32.599998,23707.95423,24514.67863,26541.00882,27892.86138,29090.90922,30349.70269,32073.74911,32747.04985,34751.67375,35546.26471,36771.00799,35094.36471,36578.93121,37260.67197,38332.48151,39975.1903,41285.0644,42597.68296,44255.11207,46104.0554,47202.19961,49288.69311,45872.02729
United States,7,1.6396286,40,7,1.628518,40,7,1.5905493,40.099998,7,1.6489197,40.599998,7,1.6526138,40.400002,7,1.6325427,40.799999,8,1.66243,40.299999,8,1.6465006,41,9,1.5648769,41.400002,10,1.4406736,40.799999,12,1.4128002,40.799999,13,1.4281682,40.599998,11,1.5390619,40,13,1.5153323,40.900002,11,1.5462143,40.900002,13,1.4744054,40.700001,13,1.4972371,41.5,12,1.5122864,41.200001,12,1.4996535,41.099998,12,1.4940251,41.200001,12,1.4306557,41.400002,12,1.4519014,41.5,12,1.4687108,39.700001,32853.67695,34515.39023,36329.95607,37133.62311,37997.75966,39490.27496,41724.63163,44123.40707,46302.00088,48050.22378,48570.04598,47194.94335,48650.64313,50065.9665,51784.41857,53291.12769,55123.84979,56762.72945,57866.74493,59907.75426,62823.30944,65120.39466,63528.6343
Uruguay,35,0.38248619,0,36,0.37123317,0,36,0.27421552,0,42,0.22125281,0,44,0.15786786,0,45,0.095270358,0,44,0.15705098,0,47,0.11834433,0,50,0.14812818,45.900002,51,0.20776007,46.400002,53,0.22694169,45.099998,53,0.20798275,45.5,51,0.23641519,44.5,50,0.25578135,42.200001,52,0.1679973,39.900002,51,0.25182575,40.5,51,0.24691997,40.099998,53,0.1742484,40.099998,53,0.18713582,39.700001,52,0.20674403,39.5,56,0.100133,39.700001,58,0.092367478,39.700001,60,-0.049650595,40.200001,10922.45637,10853.75585,10841.59098,10631.54923,9945.823793,10212.17121,10999.10049,12176.09356,13048.08388,14250.00278,15530.64543,16254.33213,17688.37794,18937.2042,19290.29345,20445.55621,21645.11895,21948.7664,22618.69178,23384.74019,23950.39333,24551.74617,23309.78652
Uzbekistan,56,-0.36173496,44.700001,61,-0.41759485,0,67,-0.5771569,36.099998,73,-0.6157881,0,70,-0.58624035,33,71,-0.59469151,35.299999,78,-0.72143358,0,76,-0.58546352,0,77,-0.54221612,0,84,-0.45489997,0,81,-0.36092085,0,88,-0.53529203,0,89,-0.56892014,0,91,-0.63239741,0,94,-0.64423472,0,96,-0.59590739,0,86,-0.42679501,0,82,-0.40182507,0,85,-0.47998363,0,75,-0.37740856,0,80,-0.41511393,0,81,-0.49004692,0,86,-0.57476896,0,2426.096414,2538.566618,2658.59476,2796.062943,2916.560149,3064.139926,3341.986737,3643.700878,3987.066407,4419.361874,4832.601604,5167.211472,5469.980737,5844.807562,6061.947154,6302.647244,6494.859941,6680.184701,6796.904892,6840.70986,7289.329501,7717.744117,7822.661958
"Venezuela, RB",43,0.029126978,48.099998,43,0.067754686,47.799999,50,-0.025295492,0,50,0.017670587,47.200001,48,0.084840581,49,50,-0.079967722,48.099998,51,-0.048856325,47.5,52,-0.014308129,49.5,61,-0.21714215,44.799999,73,-0.23067881,0,88,-0.50003195,0,89,-0.55051744,0,86,-0.53354526,0,99,-0.83264112,0,102,-0.89508688,0,94,-0.54561949,0,107,-0.84657532,0,96,-0.64312124,0,106,-0.90354794,0,108,-0.97151554,0,109,-1.059101,0,103,-0.92498046,0,101,-0.90354043,0,11946.8376,11171.7256,11622.6067,12064.37702,10968.66769,10137.17807,12103.94211,13543.36548,15094.29176,16600.11919,17550.80994,16859.8308,16581.81882,17402.27566,0,0,0,0,0,0,0,0,0
Viet Nam,81,-1.3172652,0,79,-1.1431713,0,75,-0.89429039,0,81,-0.87953788,0,81,-0.83370632,37,77,-0.73190874,0,74,-0.6044457,36.799999,75,-0.58406705,0,73,-0.36721927,35.799999,68,-0.15995935,0,64,-0.059631407,35.599998,64,-0.07569284,0,62,-0.031657621,39.299999,60,0.043555699,0,58,0.092186816,35.599998,59,0.10350026,0,60,0.14182112,34.799999,62,0.044159271,0,56,0.13723469,35.299999,56,0.071882635,0,57,0.091144048,35.700001,57,0.093025967,0,54,0.1173465,36.799999,2253.395352,2363.732271,2552.682566,2743.48041,2932.062856,3163.509242,3457.79179,3797.045441,4146.951612,4519.044628,4819.011148,5059.341953,5391.168621,5793.929381,6364.978023,6724.635498,7240.73594,7595.686738,8277.684129,9050.688534,9867.667881,10686.80405,11036.00053
"Yemen, Rep.",,,35,,,0,94,-1.7881396,0,97,-1.4134288,0,98,-1.5114479,0,101,-1.7235957,0,105,-1.6697329,0,101,-1.3872465,34.700001,106,-1.4512826,0,109,-1.3314828,0,112,-1.2335339,0,105,-0.99806142,0,108,-1.0887029,0,111,-1.0734872,0,113,-1.1775895,0,115,-1.1751177,0,109,-0.86742091,36.700001,107,-0.82482326,0,109,-0.93448102,0,115,-1.1883901,0,117,-1.2460059,0,121,-1.363389,0,,,0,2558.41861,2617.157003,2763.469847,2854.337844,2933.641255,3022.45206,3142.122148,3327.609613,3435.021444,3536.904858,3626.125524,3679.949027,3895.22361,3370.915185,3258.192678,3437.429536,0,0,0,0,0,0,0
Zambia,,,49.099998,,,0,,,0,,,0,,,42.099998,,,0,92,-1.0221735,54.299999,91,-1.0124679,0,94,-0.93786556,54.599998,93,-0.73513114,0,94,-0.68982285,0,96,-0.7479139,0,96,-0.84523702,52,112,-1.0866228,0,93,-0.61273009,0,85,-0.43552491,0,79,-0.30991146,0,84,-0.41596344,55.900002,90,-0.58221662,0,92,-0.66948563,0,90,-0.61525297,0,86,-0.54658318,0,88,-0.61887991,0,1619.370137,1674.11347,1730.228182,1808.279115,1861.439087,1968.253839,2095.534953,2242.108832,2409.243466,2587.957949,2742.914871,2909.726342,3136.322798,3267.408278,3357.738371,3506.394962,3463.420045,3352.524885,3322.578918,3395.479686,3508.310756,3515.384644,3361.978869
Zimbabwe,54,-0.32311761,0,54,-0.26315168,0,63,-0.28608066,0,65,-0.45818564,0,73,-0.61617744,0,68,-0.56616992,0,65,-0.40148962,0,68,-0.4122012,0,72,-0.36670688,0,80,-0.43980092,0,75,-0.25558928,0,78,-0.35031819,0,84,-0.49394551,0,106,-0.93931901,43.200001,108,-0.96937788,0,106,-0.90846354,0,106,-0.83025926,0,105,-0.7873832,0,103,-0.8550061,0,101,-0.84155595,44.299999,106,-0.95789629,0,104,-0.94543695,50.299999,104,-0.99594873,0,2299.395445,2279.549784,2237.30346,2305.776957,2120.32707,1781.158997,1710.70538,1654.894658,1632.78353,1600.065026,1331.942094,1486.267367,1804.037248,2080.611511,2349.028207,2522.038125,2561.728795,2615.090299,2724.452746,2331.780833,2457.309859,2296.845429,2101.804597